time,Unnamed: 0,danmu_y
0,204.8744186,0.626842517
0.002,41,0.978096529
0.004,162,0.499786704
0.005,37.5,0.924254995
0.01,109,0.583347633
0.015,115,0.391383654
0.019,210,0.995776661
0.02,232,0.486883609
0.021,213,0.477515749
0.022,196,0.841405026
0.023,661,0.990261074
0.025,74,0.879157879
0.026,59,0.91763614
0.028,194,0.486883609
0.037,177,0.717550342
0.04,261,0.999996595
0.045,73.5,0.304960027
0.05,40,0.363076424
0.058,75,0.473767218
0.063,232,0.473767218
0.065,14,0.996407646
0.071,281,0.830570448
0.074,120,0.73365019
0.095,349,0.473767218
0.099,8,0.298648649
0.103,90,0.843695179
0.105,311.5,0.499404271
0.106,268,0.660154113
0.108,248,0.71973637
0.11,116,0.625
0.113,130,0.909601849
0.114,171,0.586277914
0.119,332,0.877968456
0.145,279,0.696102059
0.149,289,0.356769829
0.155,18,0.447678459
0.159,79,0.753901246
0.165,152.5,0.821471108
0.182,186,0.162207404
0.185,256,0.473767218
0.186,34,0.96797374
0.193,184,0.473767218
0.194,240,0.473767218
0.204,57,0.473767218
0.205,175,0.456734631
0.206,280,0.473767218
0.22,118,0.801104697
0.225,313,0.421946156
0.233,621,0.16250523
0.245,94,0.473767218
0.246,181,0.473767218
0.252,108,0.731866508
0.255,61,0.858814517
0.256,43,0.895319167
0.261,73,0.473767218
0.263,95,0.920746465
0.265,197.25,0.691284648
0.276,307,0.750062423
0.277,22,0.697194647
0.278,230,0.843695179
0.282,29,0.863053056
0.283,123,0.794597261
0.284,72,0.367424321
0.285,356,0.473767218
0.286,279,0.5
0.289,255,0.526232782
0.291,241,0.901827144
0.305,424,0.70953619
0.343,760,0.974066029
0.49,549,0.362418425
0.585,763,0.160002228
0.677,597,0.187376596
0.705,70,0.957810652
0.845,502,0.999996286
0.893,727,0.94738502
0.932,607,0.578895795
0.945,447,0.219370664
0.979,422,0.473767218
1.008,357,0.526232782
1.02,421,0.46434874
1.166,428,0.137517838
1.176,444.5,0.751707222
1.353,513,0.870362069
1.404,644,0.473767218
1.503,649,0.473767218
1.593,757,0.367424321
1.595,125,0.999969278
1.676,650,0.315714479
1.698,557,0.5
1.699,544,0.850001507
1.825,427,0.997937095
1.92,550,0.544345633
2.087,762,0.610887441
2.145,431,0.113747713
2.259,640,0.476804124
2.419,669,0.998693219
2.426,432,0.280145998
2.427,490,0.336248188
2.725,410,0.999981627
2.761,771,0.826086957
2.776,504,0.5
3.225,243,0.473767218
3.545,712,0.473767218
3.559,568,0.75
3.598,647,0.473767218
3.991,316,0.339951681
4.002,725,0.843695179
4.028,751,0.977167435
4.15,481,0.655862821
4.249,86,0.946338409
4.294,600,0.770610096
4.34,528,0.729795391
4.539,748,0.526232782
4.743,471,0.473767218
4.963,770,0.98388808
5.022,563,0.562984597
5.099,112,0.970944267
5.299,570,0.909601849
5.431,401,0.473767218
5.45,761,0.573452458
5.579,701,0.803810711
5.619,530,0.473767218
5.699,690,0.126723241
5.855,534,0.5
6.137,494,0.635429541
6.335,488,0.473767218
6.415,394,0.993984399
6.459,700,0.828649949
6.524,478,0.5
6.642,366,0.5
6.921,475,0.904761905
6.979,722,0.807936477
7.197,411,0.999864605
7.306,425,0.621061745
7.479,388,0.368031125
7.583,642,0.544575917
7.664,681,0.843695179
8.119,440,0.473767218
8.299,721,0.615208075
8.392,378,0.5
8.692,606,0.99920177
8.711,707,0.297875297
9.426,755,0.473767218
9.548,454,0.473767218
9.748,673,0.473767218
10.049,395,0.473767218
10.073,491,0.473767218
10.339,484,0.473767218
10.351,379,0.631673951
10.762,623,0.258849813
10.795,400,0.473767218
10.874,643,0.473767218
10.947,772,0.473767218
10.979,714,0.473767218
11.017,371,0.750062423
11.019,437,0.5
11.139,343,0.473767218
11.305,383,0.473767218
11.625,396,0.143392411
11.641,380,0.473767218
11.658,474,0.473767218
12.423,605,0.473767218
12.906,709,0.473767218
13.082,729,0.473767218
13.579,529,0.5
13.62,429,0.473767218
13.882,697,0.750062423
14.452,442,0.473767218
14.659,540,0.473767218
14.673,556,0.447678459
14.939,659,0.526232782
15.072,524,0.473767218
15.12,620,0.473767218
15.418,583,0.473767218
15.459,456,0.473767218
15.485,672,0.803110875
15.517,520,0.526232782
15.699,436,0.473767218
15.778,645,0.5
15.818,554,0.5
15.839,759,0.473767218
15.957,703,0.473767218
16.233,667,0.473767218
16.379,464,0.843695179
16.479,633,0.8
16.939,565,0.648270633
17.05,674,0.473767218
17.189,641,0.473767218
17.502,632,0.473767218
17.681,497,0.473767218
17.799,611,0.473767218
18.126,735,0.473767218
18.139,584,0.473767218
18.458,614,0.473767218
18.459,470,0.473767218
18.579,581,0.999789639
18.585,407,0.473767218
18.642,483,0.473767218
18.765,694,0.473767218
18.879,730,0.843695179
19.019,629,0.473767218
19.85,399,0.473767218
19.954,476,0.854056104
20.177,656,0.473767218
20.419,282,0.473767218
20.739,702,0.971504448
20.939,460,0.473767218
20.999,555,0.634048304
21.553,653,0.473767218
22.059,637,0.473767218
22.099,636,0.473767218
22.782,459,0.473767218
22.804,412,0.473767218
23.022,752,0.95174827
23.286,522,0.473767218
23.305,457,0.473767218
23.599,415,0.473767218
23.761,511,0.44599044
23.939,747,0.473767218
24.201,587,0.473767218
24.203,652,0.688372771
24.68,518,0.473767218
24.694,617,0.473767218
24.819,419,0.473767218
25.233,551,0.473767218
25.297,553,0.473767218
25.31,430,0.458597949
25.564,547,0.473767218
25.699,514,0.473767218
26.037,492,0.473767218
26.039,438,0.473767218
26.295,655,0.473767218
26.791,728,0.5
26.822,739,0.473767218
26.997,397,0.473767218
27.172,477,0.473767218
27.283,372,0.473767218
27.299,487,0.27078071
27.379,353,0.473767218
27.498,292,0.473767218
27.594,500,0.473767218
27.774,687,0.473767218
28.259,531,0.473767218
28.299,668,0.875
28.382,744,0.671717172
28.53,559,0.473767218
28.539,569,0.473767218
28.768,634,0.473767218
29.034,503,0.473767218
29.073,740,0.473767218
29.158,448,0.535714286
29.736,628,0.473767218
30.068,466,0.473767218
30.23,750,0.473767218
30.838,631,0.473767218
30.859,489,0.473767218
30.913,538,0.023209547
31.236,274,0.473767218
31.538,392,0.473767218
31.581,479,0.959632877
31.742,409,0.999949746
31.978,715,0.473767218
32.002,420,0.473767218
32.57,354,0.473767218
32.899,105,0.347790517
32.939,560,0.473767218
33.008,364,0.473767218
33.422,756,0.949231734
33.787,468,0.473767218
33.922,301,0.473767218
34.006,588,0.473767218
34.269,44,0.820453311
34.332,726,0.473767218
34.961,408,0.473767218
35,585,0.5
35.037,273,0.473767218
36.218,567,0.473767218
36.283,638,0.473767218
36.399,469,0.975156424
36.719,391,0.473767218
37.064,523,0.473767218
37.579,317,0.473767218
37.986,743,0.473767218
38.405,501,0.473767218
38.442,381,0.473767218
40.381,516,0.252981505
41.383,340,0.473767218
41.705,287,0.473767218
43.736,406,0.321936842
44.002,505,0.843695179
44.119,423,0.526232782
44.737,473,0.473767218
45.002,665,0.473767218
45.125,382,0.473767218
46,586,0.5
47.185,680,0.473767218
48.255,561,0.473767218
48.319,508,0.473767218
48.351,723,0.473767218
48.74,574,0.473767218
49.182,710,0.473767218
49.319,525,0.473767218
49.461,493,0.544345633
50.037,635,0.833841149
53.017,134,0.473767218
53.158,718,0.998737515
53.273,579,0.990767801
53.721,736,0.984553688
53.875,738,0.960766085
54.705,69,0.778348819
55.591,548,0.045976004
56.929,369,0.617725685
58.392,603.5,0.5
58.736,685,0.473767218
58.896,157,0.473767218
59.227,472,0.526232782
59.563,277,0.473767218
59.738,453,0.473767218
60.98,719,0.615384615
61.606,589,0.473767218
62.566,480,0.473767218
62.87,599,0.473767218
63.114,450,0.232126852
63.638,664,0.619820061
64.867,271,0.473767218
68.236,695,0.473767218
71.317,575,0.473767218
71.867,465,0.872876398
72.693,542,0.473767218
74.633,624,0.357814258
76.056,365,0.471505267
78.563,426,0.999066388
78.637,683,0.56915076
79.728,515,0.473767218
80.37,711,0.99876049
81.306,658,0.79190772
82.724,386,0.473767218
82.78,558,0.957525846
83.086,580,0.812170191
83.299,596,0.974343339
84.42,541,0.473767218
87.105,764,0.985595506
89.109,572,0.473767218
93.314,449,0.772727273
94.677,758,0.14008973
99.077,404,0.473767218
100.629,206,0.473767218
101.591,7,0.983023269
103.485,4,0.912558489
104.719,539,0.806826961
105.653,753,0.843695179
107.29,713,0.99876049
107.63,582,0.292146875
111.473,387,0.281538278
116.499,537,0.774348615
118.487,552,0.473767218
118.521,745,0.814583149
119.629,192,0.168316832
119.676,203,0.168316832
119.897,148,0.168316832
120.745,765,0.168316832
121.377,646,0.545157619
122.377,398,0.175955996
122.459,688,0.168316832
123.382,233,0.168316832
123.888,377,0.353500898
124.858,443,0.276661496
126.938,414,0.168316832
127.047,733,0.527073145
127.999,590,0.047287845
128.037,486,0.168316832
128.577,433,0.168316832
128.701,499,0.178659939
129.015,642,0.05714852
129.019,362,0.299720947
129.803,509,0.168316832
132.137,666,0.391087594
133.699,521,0.311639725
134.681,610,0.222703117
140.415,385,0.986676249
142.583,612,0.222703117
149.194,627,0.168316832
150.819,268,0.854449521
151.494,11,0.728335189
152.198,358,0.990642377
152.605,608,0.473767218
154.238,384,0.5
157.217,64,0.211930688
157.79,2,0.545157619
158.974,3,0.026131316
159.339,16,0.545157619
160.42,435,0.571053717
162.205,345,0.315253156
162.499,654,0.460390213
163.995,417,0.995726987
164.647,578,0.977900593
165.439,532,0.519014939
167.81,769,0.008148161
171.509,132,0.986793499
171.888,506,0.5
172.264,526,0.5
173.097,625,0.359649123
174.239,615,0.473767218
174.512,565,0.01470685
176.539,675,0.490750145
179.046,28,0.961179356
179.139,679,0.473767218
181.365,601,0.5
181.395,684,0.473767218
182.167,651,0.900672425
182.479,616,0.740911092
182.74,451,0.753901246
182.939,533,0.797498574
183.42,545,0.394389678
183.904,30,0.780699521
185.385,609,0.240224679
185.823,418,0.42969324
186.188,439,0.5
186.435,639,0.473767218
186.939,732,0.239162281
187.37,676,0.414522014
187.822,577,0.5
188.135,546,0.497250923
188.786,527,0.988937043
188.979,434,0.325744308
189.819,696,0.75053712
192.019,416,0.473767218
193.66,618,0.611650485
194.897,47,0.241321866
194.978,536,0.44308237
195.277,333,0.195651914
195.344,368,0.711368041
195.751,24,0.308867299
195.79,613,0.473767218
196.669,662,0.396368781
197.193,390,0.473767218
197.249,742,0.607102369
198.465,766,0.5
199.985,767,0.5
200.299,0,0.890142453
200.494,455,0.473767218
200.958,699,0.473767218
201.519,519,0.728990958
202.219,594,0.241321866
202.553,485,0.868421053
202.652,341,0.276530124
202.78,413,0.507293122
202.839,35,0.824849806
203.546,705,0.26829589
204.259,326,0.973119565
206.383,462,0.406993556
206.615,495,0.526232782
207.218,564,0.011268554
207.356,591,0.811886835
208.019,37,0.275
208.328,290,0.526232782
208.492,208,0.5
210.365,663,0.396368781
211.05,55,0.2
211.931,461,0.275
212.187,458,0.565299211
212.411,678,0.584918384
213.087,677,0.731489388
213.791,593,0.473767218
237.004,250,0.088759711
237.032,389,0.473767218
237.922,452,0.901643589
239.039,671,0.391383654
240.15,630,0.753756385
241.447,562,0.473767218
243.962,58,0.461538462
248.304,576,0.473767218
248.655,660,0.473767218
256.516,402,0.473767218
261.143,773,0.473767218
261.686,657,0.473767218
262.951,689,0.353741497
270.667,626,0.789584339
278.078,716,0.5
281.435,566,0.750062423
282.379,749,0.473767218
282.569,746,0.171875
282.84,373,0.090909091
284.299,108,0.631169787
286.419,731,0.091954023
286.639,682,0.631169787
286.74,693,0.993155867
291.835,741,0.091954023
296.628,85,0.152008111
303.333,496,0.640022211
304.499,692,0.912087912
305.166,23,0.793087452
306.685,602,0.100519504
308.414,1,0.999953607
312.213,374,0.999421775
312.899,17,0.896491006
313.098,367,0.5
313.816,754,0.849607006
314.243,21,0.868351228
314.701,294,0.321579493
314.853,297,0.999850558
315.58,717,0.755470236
319.182,393,0.743165748
321.993,446,0.9
322.198,376,0.921650429
322.63,535,0.5
324.119,573,0.5
324.261,270,0.878053638
325.533,403,0.950773716
327.022,622,0.894826934
327.819,704,0.351702442
328.699,251,0.995180173
329.025,467,0.473767218
329.063,592,0.838182989
330.558,350,0.780200587
330.62,360,0.5
330.88,595,0.693167717
330.985,724,0.473767218
331.259,405,0.8
332.793,188,0.562228069
333.09,670,0.843695179
335.161,510,0.976314069
336.959,370,0.473767218
337.732,375,0.473767218
338.832,737,0.433901276
341.295,507,0.574549474
343.988,441,0.612775616
345.314,698,0.59424682
345.765,482,0.944444444
349.019,691,0.793338775
353.374,768,0.478047981
354.148,313,0.478789739
358.939,512,0.813594405
362.666,2330,0.473767218
363.899,2077,0.473767218
364.009,906,0.981105022
364.801,2424,0.670469696
367.852,886,0.999266611
369.628,2922,0.99418281
369.65,2917,0.69673607
372.08,2379,0.473767218
372.546,1774,0.986035757
372.779,2650,0.279354758
375.065,1418,0.95206174
375.369,830,0.923210428
377.139,2506,0.84916902
378.268,779,0.602831989
380.981,1547,0.922240898
381.599,1314,0.961658031
383.766,880,0.717911586
384.744,1512,0.966437723
387.041,936,0.935085148
388.486,842,0.988712195
388.584,1123,0.634085342
388.792,814,0.904610306
389.675,866,0.800417518
389.721,894,0.908237383
390.481,1693,0.809367069
390.756,813,0.25456189
390.848,1925,0.5
392.253,889,0.974080023
392.703,2884,0.737909964
392.905,2823,0.993055851
394.979,1165,0.736842105
399.284,865,0.996627367
399.331,2732,0.989985969
403.114,796,0.998130909
404.065,826,0.986793499
404.18,2313,0.890142453
406.016,2070,0.843695179
406.374,817,0.544897209
407.265,1548,0.991801907
409.531,790,0.994252598
409.944,1119,0.438781187
411.572,2409,0.999622828
411.839,2738,0.473767218
417.204,1526,0.5
420.418,1332,0.642857143
420.499,2392,0.913360035
424.146,882,0.8831136
424.26,904,0.936570721
426.419,1357,0.473767218
426.828,2661,0.439047619
430.067,839,0.058741115
430.252,2036,0.914621788
430.575,809,0.983417851
431.654,2912,0.340598396
431.657,908,0.340598396
431.825,888,0.13085768
431.874,917,0.537587569
432.075,822,0.340598396
432.586,793,0.099479625
432.678,898,0.2062272
432.699,1300,0.875
433.02,855,0.230204638
434.399,2113,0.340598396
434.405,1280,0.981896717
434.751,1673,0.932665267
435.408,1967,0.428571429
436.464,1021,0.918361381
436.515,1517,0.99337309
436.62,884,0.211720492
437.465,2619,0.340598396
437.634,803,0.527233141
437.682,2425,0.563009565
437.822,853,0.961223487
438.413,1931,0.675622195
439.235,1753,0.59218587
439.801,2158,0.062594932
440.809,1742,0.433697173
441.703,1307,0.807163841
442.733,893,0.826298087
443.742,2355,0.5
444.334,825,0.034772879
445.417,852,0.094597318
445.841,2865,0.573661724
446.956,897,0.519396996
449.049,2209,0.813960797
449.237,1642,0.8
449.766,807,0.858855168
449.816,2947,0.473767218
451.288,859,0.99183943
452.868,2061,0.552793553
453.287,1437,0.577802061
455.219,2658,0.72928743
455.612,833,0.974579624
455.821,835,0.953018591
456.068,788,0.931693677
456.559,816,0.999538765
456.582,800,0.571837151
456.592,776,0.992304595
456.828,848,0.301887437
457.059,1024,0.429388408
457.092,2097,0.999178475
457.187,846,0.278667191
457.863,1448,0.975134927
458.148,2864,0.342899272
458.372,1611,0.995726987
458.379,784,0.901265961
458.659,1577,0.975134927
459.089,2589,0.526232782
459.453,2834,0.995726987
460.191,1827,0.972716261
460.667,1120,0.975134927
460.757,2333,0.840472384
461.431,1760,0.868421053
461.592,1543,0.091954023
462.103,867,0.146950043
462.306,1076,0.473767218
462.834,2440,0.904944327
462.879,1728,0.475304865
463.753,2925,0.519396996
464.039,2537,0.982929791
464.469,1298,0.934791505
465.717,1930,0.764270934
466.579,1420,0.526232782
467.045,1281,0.789584339
467.114,781,0.935435202
467.361,1240,0.166666667
468.089,1499,0.209492379
468.102,2067,0.714353658
468.558,1483,0.764270934
469.678,980,0.091954023
469.83,1038,0.894539097
470.227,1503,0.526232782
470.392,2103,0.71429011
471.099,1130,0.394638152
471.151,1822,0.789584339
471.57,2598,0.979345293
472.252,2899,0.90828462
472.288,2211,0.5
472.533,920,0.952135715
472.613,2816,0.5
472.703,916,0.447678459
472.919,2543,0.21545526
473.685,824,0.821762603
473.835,2302,0.526232782
473.958,2436,0.985002002
474.206,2510,0.389282292
474.464,1387,0.473767218
474.899,860,0.241321866
475.395,841,0.99703265
475.409,877,0.842439758
475.458,856,0.71429011
475.803,840,0.606758026
475.919,1981.5,0.621788759
476.001,902,0.764270934
476.059,1203,0.473767218
476.814,1034,0.729795391
477.035,2176,0.473767218
477.118,872,0.406449149
477.67,938,0.464551769
477.707,971,0.434165394
477.772,1078,0.719453994
478.45,2663,0.57580419
478.666,804,0.764270934
478.723,1972,0.389948007
479.452,1450,0.5
479.679,891,0.963854024
479.738,2166,0.473767218
479.858,2790,0.473767218
479.902,1313,0.149967265
480.005,795,0.82594466
480.218,1501,0.60826033
480.331,1739,0.767348999
480.732,1238,0.891451063
481.272,798,0.573742913
481.744,1617,0.363076424
481.846,838,0.979205963
481.9,2316,0.149967265
482.101,2255,0.729795391
482.201,912,0.308139535
482.905,2443,0.390023128
483.135,2051,0.414522014
483.463,1962,0.764270934
483.659,2711,0.682611822
483.778,2144,0.679971915
483.859,2099,0.217454516
484.078,2700,0.84991229
484.519,1172,0.815344778
484.619,2788,0.875727147
485.589,2312,0.934931933
485.817,2155,0.823381617
486.663,2456,0.281841653
487.566,2608,0.312843469
487.939,885,0.958033569
488.006,1868,0.999260327
489.285,1865,0.473767218
489.47,1289,0.953455618
489.51,1707,0.946699041
489.596,1883,0.450451017
489.714,1200,0.45533549
490.288,1662,0.71429011
490.372,984,0.547088396
491.199,993,0.473767218
491.419,1584,0.569183065
491.462,1188,0.473767218
491.567,862,0.241321866
491.943,1704,0.625
492.212,1610,0.473767218
492.789,1830,0.275081387
492.819,881,0.74179073
493.112,2819,0.692378612
493.219,2590,0.956562096
493.551,1942,0.5
493.669,2841,0.859534993
494.067,1041,0.997520592
494.605,780,0.729795391
494.84,2728,0.750062423
495.01,2769,0.769327427
495.119,2724,0.056420311
495.135,783,0.402078254
495.698,808,0.241321866
496,2774,0.579861111
496.082,2929,0.209492379
496.338,3000,0.631785371
496.445,2168,0.711749182
496.625,2317,0.640244152
496.707,974,0.456553766
497.019,2178,0.473767218
497.074,1457,0.544345633
498.097,1769,0.440218598
498.267,2857,0.241321866
498.407,2421,0.241321866
498.552,2109,0.241321866
499.155,2966,0.612802
499.19,1778,0.209492379
499.654,2941,0.192629269
500.115,1316,0.858744255
500.259,1178,0.473767218
500.339,2242,0.88280957
500.527,2515,0.276510457
501.444,2081,0.974264585
501.58,2418,0.719453994
502.262,918,0.378072582
502.294,2610,0.440218598
502.305,896,0.751160336
502.471,869,0.981087303
502.477,874,0.378072582
502.489,2214,0.241321866
502.538,857,0.801537015
502.561,843,0.166997961
502.813,911,0.378072582
502.848,1347,0.171875
502.973,910,0.994874685
503.041,1764,0.884391915
503.481,1495,0.876188197
503.533,905,0.378072582
503.849,829,0.688200222
504.133,892,0.625746425
504.442,2444,0.838175131
504.6,819,0.786797789
505.548,978,0.868421053
505.957,2321,0.490750145
506.022,887,0.378072582
506.9,811,0.914213407
507.647,1732,0.688200222
507.819,2197,0.970179331
509.596,1726,0.786797789
510.288,1288,0.819903012
511.091,805,0.50744974
511.452,861,0.694028239
512.865,2200,0.40006945
513.559,1593,0.378072582
513.939,2026,0.37572319
514.544,2761,0.949524095
515.545,1989,0.034482759
515.878,1439,0.920029491
516.439,1140,0.134947044
516.725,789,0.727243384
516.848,801,0.178193071
516.897,890,0.262236408
516.918,2604,0.153758997
516.944,2054,0.241321866
517.035,919,0.688130444
517.057,821,0.676804764
517.23,871,0.262125028
517.323,863,0.675881174
517.888,900,0.345389905
517.902,831,0.960276802
518.246,1010,0.578848663
518.258,850,0.824481576
518.693,818,0.360139721
519.027,775,0.088926564
519.451,849,0.942830566
519.774,2115,0.868421053
520.877,799,0.893440017
520.966,1886,0.959830243
521.558,1127,0.644897173
522.22,2055,0.929685891
522.221,864,0.510697442
522.475,915,0.322205182
522.609,1645,0.374821011
522.847,812,0.448788767
525.041,1792,0.318705637
525.119,2344,0.473767218
525.389,2825,0.999278312
526.21,2483,0.929685891
528.351,2874,0.567857822
529.24,802,0.749742757
530.423,878,0.424146745
531.064,1209,0.671754923
532.716,858,0.95699026
532.761,901,0.998699714
533.321,832,0.845373322
533.493,1941,0.935294439
533.87,1655,0.642933582
534.542,1373,0.461717054
534.888,903,0.992032454
535.211,2620,0.720245923
535.655,1944,0.370938919
536.112,2546,0.545454545
536.497,2042,0.972453855
536.544,823,0.987185184
537.795,828,0.997132918
538.472,1717,0.986907136
538.678,923,0.896320545
538.81,2484,0.95699026
539.319,1059,0.843695179
539.712,854,0.41419568
540.299,1285,0.473767218
541.451,1735,0.526232782
542.718,1516,0.99720682
543.13,2485,0.986907136
543.509,792,0.903681522
543.739,1293,0.85649277
545.077,879,0.769842937
545.408,1303,0.349035972
546.908,1939,0.887492206
547.208,785,0.447678459
547.35,875,0.297749092
547.578,777,0.515000434
547.654,870,0.253195977
547.72,2851,0.933672041
547.835,1887,0.5
548.168,868,0.687810676
548.285,827,0.729795391
548.336,2729,0.847387504
548.474,847,0.126106466
548.503,2696,0.783363981
548.528,1877,0.552326867
548.682,1596,0.682611822
549.156,1527,0.926470588
550.399,883,0.029907216
551.168,806,0.781553308
551.634,851,0.714617459
551.735,2765,0.843695179
551.745,1966,0.868034923
551.893,1576,0.998046871
552.119,2877,0.704918033
552.179,2328,0.756573472
552.427,2180,0.473767218
552.609,1823,0.270189513
552.66,1640,0.473767218
553.524,2426,0.5
553.745,2524,0.750062423
553.765,2122,0.75
554.107,1798,0.610108957
554.22,998,0.830028653
554.308,2833,0.08637327
554.61,2486,0.297749092
555.505,2592,0.985616589
555.921,2948,0.704918033
557.354,2043,0.832175201
558.394,1463,0.41419568
558.878,1900,0.750062423
559.268,1780,0.75
560.365,909,0.98886134
562.706,782,0.651817391
563.006,1395,0.138142466
563.065,1455,0.605049534
563.185,778,0.991355231
564.482,907,0.263901482
565.43,2681,0.753204236
566.65,2907,0.473767218
566.864,1291,0.582629674
567.347,1294,0.831001226
568.394,927,0.888612763
570.179,787,0.805806401
571.132,2189,0.790710412
571.652,1622,0.565072551
571.713,2846,0.135846855
571.9,1102,0.479302875
572.477,1738,0.554876757
573.375,2815,0.333333333
576.253,1888,0.473767218
577.554,837,0.999615229
579.712,797,0.969477037
580.137,876,0.975376601
580.372,1758,0.750062423
580.479,1585,0.473767218
580.503,1492,0.473767218
580.779,1504,0.473767218
581.024,1419,0.473767218
581.237,999,0.524921044
581.551,1210,0.473767218
582.193,1507,0.473767218
582.4,1779,0.473767218
582.539,1480,0.473767218
583.057,1731,0.473767218
583.21,1477,0.473767218
583.236,1923,0.473767218
583.312,1355,0.5
583.33,1008,0.473767218
583.434,1322,0.473767218
583.537,2263,0.923025426
583.615,836,0.509391777
583.717,985,0.473767218
583.78,1940,0.473767218
583.824,2856,0.162074485
584.205,1088,0.473767218
584.318,1644,0.473767218
584.37,2490,0.473767218
584.445,1408,0.526232782
584.471,2184,0.473767218
584.491,2014,0.473767218
584.502,1011,0.473767218
584.555,1583,0.473767218
584.569,2229,0.473767218
584.602,1523,0.625
584.755,2714,0.473767218
584.934,1258,0.473767218
584.96,2521,0.473767218
585.025,1531,0.473767218
585.041,1428,0.473767218
585.047,2288,0.473767218
585.119,1581,0.473767218
585.241,1863,0.473767218
585.305,794,0.729795391
585.371,1761,0.473767218
585.382,966,0.473767218
585.539,1363,0.473767218
585.704,1198,0.473767218
585.779,1950,0.473767218
585.827,2056,0.473767218
585.859,1630,0.473767218
585.937,2279,0.473767218
585.939,1341,0.473767218
585.945,1619,0.473767218
585.986,1168,0.473767218
585.991,1833,0.473767218
586.074,2327,0.473767218
586.203,941,0.473767218
586.266,2995,0.473767218
586.273,2125,0.473767218
586.326,1683,0.473767218
586.339,2876,0.473767218
586.402,2058,0.473767218
586.457,1768,0.473767218
586.541,2084,0.473767218
586.556,2725,0.473767218
586.699,1199,0.473767218
586.717,1003,0.473767218
586.865,845,0.71929373
586.943,2141,0.473767218
586.952,815,0.999440336
587.056,937,0.473767218
587.173,2780,0.473767218
587.22,1651,0.473767218
587.399,2842,0.473767218
587.439,1910,0.473767218
587.452,2852,0.473767218
587.486,2930,0.473767218
587.49,2491,0.5
587.519,930,0.667592634
587.542,1257,0.473767218
587.671,1834,0.473767218
587.683,2258,0.473767218
587.709,1709,0.473767218
587.74,2170,0.473767218
587.819,1714,0.473767218
587.851,2171,0.473767218
587.954,1856,0.473767218
587.975,2450,0.473767218
588.01,2854,0.473767218
588.039,1411,0.843695179
588.191,2614,0.473767218
588.259,2956,0.473767218
588.338,1565,0.473767218
588.361,2958,0.473767218
588.363,2283,0.473767218
588.386,2430,0.473767218
588.539,1383,0.473767218
588.542,1156,0.473767218
588.564,2015,0.473767218
588.625,2654,0.473767218
588.639,2481,0.473767218
588.658,2568,0.473767218
588.691,2121,0.473767218
588.699,1304,0.473767218
588.819,1805,0.473767218
588.829,2569,0.473767218
588.851,1397,0.473767218
588.959,2261,0.473767218
589.011,1770,0.473767218
589.041,2451,0.473767218
589.117,2896,0.473767218
589.139,2913,0.473767218
589.179,1371,0.473767218
589.182,1800,0.473767218
589.19,1784,0.473767218
589.2,1586,0.473767218
589.218,2689,0.473767218
589.219,1089,0.473767218
589.23,960,0.473767218
589.239,1642.5,0.473767218
589.243,1928,0.473767218
589.248,2250,0.473767218
589.25,2783,0.226888628
589.283,2400,0.473767218
589.318,2555,0.473767218
589.32,1534,0.473767218
589.336,1104,0.473767218
589.362,2123,0.473767218
589.379,1325,0.473767218
589.464,2247,0.473767218
589.489,2282,0.473767218
589.499,2199,0.473767218
589.5,2477,0.473767218
589.511,1836,0.473767218
589.538,2452,0.473767218
589.539,2256.5,0.473767218
589.541,2336,0.473767218
589.575,2078,0.473767218
589.577,2576,0.473767218
589.59,1928.5,0.473767218
589.599,1754,0.473767218
589.618,1561,0.473767218
589.622,1556,0.473767218
589.632,2149,0.473767218
589.645,2224,0.473767218
589.652,2671.5,0.735242506
589.659,2314,0.473767218
589.698,1381,0.473767218
589.699,2046,0.473767218
589.718,2162,0.473767218
589.739,1624,0.473767218
589.755,2449,0.473767218
589.794,1022,0.473767218
589.799,2187,0.473767218
589.803,834,0.226888628
589.877,2188,0.473767218
589.886,2871,0.473767218
589.888,2393,0.473767218
589.905,1053,0.473767218
589.921,2105,0.473767218
589.929,2796,0.473767218
589.975,1924,0.473767218
589.979,1815,0.473767218
590.003,1765,0.473767218
590.008,2687,0.473767218
590.019,1151,0.473767218
590.061,2257,0.473767218
590.088,2895,0.473767218
590.099,2371,0.473767218
590.106,2408,0.473767218
590.122,1302,0.473767218
590.141,1917,0.473767218
590.179,1852,0.473767218
590.183,2643,0.473767218
590.202,1152,0.473767218
590.203,1969,0.473767218
590.209,1947,0.473767218
590.234,2742,0.473767218
590.242,2812,0.473767218
590.249,1117,0.473767218
590.262,1956,0.505033724
590.275,2845,0.473767218
590.288,2376,0.473767218
590.299,1407,0.473767218
590.307,1884,0.473767218
590.319,1961,0.473767218
590.37,1708,0.473767218
590.379,2763,0.473767218
590.409,2712,0.473767218
590.459,2808,0.473767218
590.493,2772,0.473767218
590.609,2616,0.473767218
590.614,2575,0.473767218
590.639,2609,0.473767218
590.656,2919,0.473767218
590.658,1321,0.473767218
590.67,2955,0.473767218
590.68,1094,0.473767218
590.688,2748,0.473767218
590.749,1743,0.473767218
590.768,1881,0.552326867
590.774,1378,0.473767218
590.778,2360,0.473767218
590.779,2933,0.473767218
590.78,1243,0.473767218
590.789,1701,0.473767218
590.859,1582,0.473767218
590.873,1772,0.473767218
590.894,2216,0.736564724
590.939,2508,0.473767218
590.947,1988,0.473767218
590.977,2806,0.473767218
590.986,2017,0.473767218
591.009,2295,0.473767218
591.019,2183,0.473767218
591.02,1215,0.473767218
591.06,2552,0.473767218
591.076,2332,0.473767218
591.119,2140,0.473767218
591.123,1229,0.473767218
591.135,1110,0.473767218
591.162,1235,0.473767218
591.191,2629,0.473767218
591.207,1273,0.473767218
591.218,2126,0.473767218
591.222,940,0.473767218
591.239,988,0.473767218
591.243,1014,0.473767218
591.259,2762,0.473767218
591.262,2709,0.473767218
591.277,1719,0.473767218
591.285,1029,0.473767218
591.337,1550,0.473767218
591.339,2652,0.473767218
591.367,2245,0.473767218
591.37,2535,0.473767218
591.379,1973,0.473767218
591.443,1982,0.473767218
591.499,1080,0.473767218
591.501,1287,0.473767218
591.51,2789,0.473767218
591.512,991,0.473767218
591.579,968,0.473767218
591.589,2101,0.473767218
591.599,1126,0.447678459
591.602,1283,0.473767218
591.619,2923,0.473767218
591.641,1567,0.473767218
591.662,2514,0.733747587
591.665,1039,0.473767218
591.666,2942,0.473767218
591.709,2116,0.473767218
591.723,1777,0.473767218
591.759,2644,0.473767218
591.779,2048,0.473767218
591.82,2415,0.473767218
591.851,943,0.473767218
591.871,1710,0.473767218
591.874,1684,0.473767218
591.879,2124,0.924246315
591.883,932,0.473767218
591.887,1028,0.473767218
591.889,2994,0.473767218
591.914,1266,0.473767218
591.94,820,0.777263849
591.989,2848,0.843695179
592.019,1312,0.473767218
592.026,2417,0.473767218
592.032,1627,0.473767218
592.034,2455,0.473767218
592.056,1174,0.473767218
592.07,2470,0.473767218
592.139,1629,0.473767218
592.148,2530,0.473767218
592.161,1891,0.473767218
592.176,1706,0.473767218
592.188,1446,0.473767218
592.189,1766,0.473767218
592.213,2632,0.473767218
592.216,931,0.473767218
592.248,2431,0.473767218
592.259,2319,0.473767218
592.266,2403,0.473767218
592.337,1105,0.473767218
592.379,1922,0.473767218
592.402,2618,0.473767218
592.416,1747,0.473767218
592.419,1239,0.473767218
592.428,2699,0.473767218
592.445,1405,0.473767218
592.459,2527,0.473767218
592.478,1741,0.473767218
592.489,1187,0.473767218
592.502,2944,0.473767218
592.534,2181,0.473767218
592.546,1193,0.473767218
592.601,2401,0.473767218
592.609,2110,0.473767218
592.618,1150,0.473767218
592.625,1664,0.473767218
592.675,1212,0.473767218
592.7,1196,0.473767218
592.716,2964,0.473767218
592.779,2547,0.473767218
592.859,1734,0.473767218
592.899,1241,0.473767218
592.941,2776,0.473767218
592.946,969,0.473767218
592.957,2120,0.473767218
593.001,2662,0.473767218
593.011,2571,0.473767218
593.019,1042,0.473767218
593.02,1652,0.473767218
593.059,2117,0.473767218
593.065,2982,0.473767218
593.082,2757,0.473767218
593.107,1054,0.473767218
593.123,1367,0.473767218
593.125,1007,0.473767218
593.159,2150,0.473767218
593.195,2587,0.473767218
593.199,1929,0.473767218
593.235,1334,0.473767218
593.266,1315,0.473767218
593.291,1399,0.473767218
593.301,2063,0.473767218
593.311,2731,0.473767218
593.354,2399,0.473767218
593.367,1424,0.473767218
593.407,1402,0.473767218
593.414,1818,0.473767218
593.419,1085,0.473767218
593.425,1549,0.473767218
593.454,2352,0.473767218
593.507,972,0.473767218
593.557,2378,0.473767218
593.559,2938,0.473767218
593.579,1906,0.473767218
593.593,2600,0.473767218
593.639,1342,0.473767218
593.652,2529,0.473767218
593.659,2042,0.473767218
593.665,1444,0.473767218
593.738,2704,0.62962963
593.857,2558,0.473767218
593.859,1434,0.473767218
593.875,1909,0.473767218
593.887,2826,0.473767218
593.893,1197,0.473767218
593.926,2423,0.473767218
593.994,1616,0.473767218
593.999,1697,0.473767218
594.009,2850,0.473767218
594.011,2074,0.473767218
594.024,2098,0.473767218
594.07,2297,0.473767218
594.099,1955,0.473767218
594.113,1035,0.473767218
594.142,2134,0.473767218
594.146,2270,0.473767218
594.151,2445,0.473767218
594.166,2648,0.473767218
594.185,1720,0.495496075
594.207,1905,0.473767218
594.219,2251,0.473767218
594.292,2364,0.473767218
594.339,1382,0.473767218
594.371,2908,0.473767218
594.401,1568,0.473767218
594.417,1469,0.473767218
594.425,2694,0.473767218
594.429,1711,0.473767218
594.499,2824,0.473767218
594.593,2637,0.473767218
594.611,1162,0.473767218
594.615,2142,0.431964193
594.674,2343,0.473767218
594.678,2173,0.473767218
594.68,2031,0.473767218
594.765,2130,0.473767218
594.769,2921,0.473767218
594.777,2898,0.473767218
594.781,1214,0.473767218
594.819,2887,0.473767218
594.829,1712,0.473767218
594.838,2165,0.473767218
594.908,2293,0.473767218
594.91,1438,0.473767218
594.932,2746,0.473767218
594.933,2945,0.473767218
594.934,2012,0.473767218
594.954,2269,0.473767218
594.979,2192,0.473767218
594.982,2133,0.473767218
595.009,1274,0.473767218
595.019,1723.5,0.473767218
595.024,2156,0.473767218
595.045,1968,0.473767218
595.057,2807,0.473767218
595.06,1653,0.473767218
595.083,2460,0.473767218
595.088,2591,0.473767218
595.092,2873,0.473767218
595.143,1801,0.473767218
595.171,2664,0.473767218
595.176,2717,0.473767218
595.219,1435,0.982274866
595.22,2420,0.473767218
595.221,2787,0.473767218
595.258,1349,0.473767218
595.267,2634,0.817957934
595.313,1406,0.473767218
595.338,1851,0.473767218
595.353,2902,0.473767218
595.433,1844,0.473767218
595.435,2364.5,0.489400471
595.545,2091,0.473767218
595.591,1718,0.473767218
595.595,2065,0.473767218
595.618,2157,0.473767218
595.699,2354,0.473767218
595.722,2646,0.473767218
595.769,2599,0.473767218
595.786,2146,0.567792227
595.792,2143,0.473767218
595.816,2838,0.473767218
595.874,2557,0.473767218
595.879,1572.5,0.473767218
595.939,1554,0.473767218
595.967,2088,0.447678459
595.992,2706,0.473767218
595.996,1348,0.473767218
596.017,1864,0.473767218
596.032,1992,0.473767218
596.058,2052,0.473767218
596.092,2967,0.843695179
596.096,2536,0.473767218
596.166,1536,0.473767218
596.283,1752,0.473767218
596.297,1506,0.743325356
596.321,2473,0.473767218
596.403,2920,0.473767218
596.442,1459,0.473767218
596.517,2112,0.473767218
596.536,2126,0.473767218
596.537,1099,0.473767218
596.538,1194,0.750062423
596.539,1326,0.473767218
596.586,873,0.691686484
596.615,1271,0.473767218
596.627,2817,0.473767218
596.65,1331,0.473767218
596.701,2362,0.473767218
596.719,2018,0.473767218
596.727,1606,0.473767218
596.757,1103,0.473767218
596.819,1345,0.473767218
596.829,2468,0.473767218
596.86,1654,0.473767218
596.899,2030,0.473767218
596.924,2114.5,0.473767218
596.979,2916,0.473767218
596.981,2904,0.473767218
597.004,2195,0.473767218
597.007,2446,0.473767218
597.027,2928,0.473767218
597.047,2287,0.473767218
597.225,2691,0.473767218
597.259,1486,0.473767218
597.285,1599,0.473767218
597.307,1079,0.473767218
597.364,2680,0.473767218
597.377,2204,0.473767218
597.386,1179,0.473767218
597.413,2301,0.473767218
597.419,1436,0.750062423
597.422,1659,0.473767218
597.47,1999,0.473767218
597.539,1958,0.473767218
597.542,1166,0.473767218
597.585,2991,0.473767218
597.599,2299,0.473767218
597.607,2278,0.473767218
597.614,2586,0.473767218
597.656,1990,0.473767218
597.674,1125,0.473767218
597.689,1175,0.473767218
597.749,2218,0.473767218
597.761,2062,0.473767218
597.77,2492,0.473767218
597.774,2758,0.473767218
597.779,2910,0.473767218
597.794,1310,0.473767218
597.823,2969,0.473767218
597.858,2009,0.473767218
597.868,2488,0.473767218
597.87,2595,0.473767218
597.905,1473,0.473767218
597.939,2225,0.473767218
597.961,1433,0.473767218
597.978,1430,0.473767218
598.058,1795,0.473767218
598.059,1250,0.473767218
598.082,2089,0.473767218
598.16,2326,0.473767218
598.179,1195,0.473767218
598.189,2971,0.473767218
598.203,1255,0.473767218
598.21,1907,0.473767218
598.258,1791,0.473767218
598.328,2212,0.473767218
598.348,1139,0.473767218
598.419,2434,0.473767218
598.429,994,0.473767218
598.447,1482,0.473767218
598.499,996,0.473767218
598.5,2903,0.473767218
598.51,2534,0.473767218
598.536,1773,0.907908187
598.55,2119,0.473767218
598.555,1965,0.473767218
598.559,2989,0.473767218
598.581,1521,0.473767218
598.599,2672,0.473767218
598.643,2163,0.473767218
598.699,1832,0.473767218
598.737,2926,0.473767218
598.779,2835,0.473767218
598.819,1825,0.851393563
598.826,2858,0.473767218
598.908,1574,0.473767218
598.938,2503,0.473767218
598.998,1841,0.473767218
599.019,2770,0.473767218
599.059,1677,0.473767218
599.141,2859,0.473767218
599.149,1148,0.473767218
599.166,2213,0.473767218
599.22,1160,0.473767218
599.233,1496,0.473767218
599.244,2274,0.473767218
599.279,1488,0.473767218
599.286,2233,0.473767218
599.445,1276,0.473767218
599.526,2315,0.473767218
599.551,2044,0.473767218
599.58,1656,0.473767218
599.689,1202,0.473767218
599.735,2678,0.473767218
599.752,1189,0.473767218
599.83,1690,0.473767218
599.854,2673,0.473767218
599.871,1634,0.473767218
599.88,2639,0.473767218
599.909,2564,0.473767218
599.998,2289,0.473767218
600.052,2666,0.473767218
600.056,2002,0.473767218
600.082,1810,0.473767218
600.139,2660,0.473767218
600.179,1557,0.473767218
600.346,2855,0.473767218
600.382,2891,0.473767218
600.39,1904,0.473767218
600.427,1025,0.174085177
600.442,1513,0.473767218
600.477,1245,0.473767218
600.508,2990,0.473767218
600.517,2432,0.473767218
600.532,1849,0.473767218
600.537,2810,0.473767218
600.599,2066,0.473767218
600.6,2814,0.868701018
600.686,1650,0.473767218
600.775,1453,0.7870298
600.778,1417,0.473767218
600.826,929,0.473767218
600.905,2465,0.473767218
600.907,2781,0.473767218
601.01,1559,0.473767218
601.039,2562,0.473767218
601.11,2351,0.473767218
601.154,2839,0.473767218
601.209,2205,0.473767218
601.373,2613,0.473767218
601.4,2775,0.473767218
601.49,2934,0.473767218
601.742,2396,0.473767218
601.76,1647,0.473767218
601.859,2405,0.473767218
601.874,844,0.75331074
601.891,1084,0.473767218
601.919,1260,0.473767218
601.921,1204,0.886363636
601.93,1173,0.473767218
601.974,1001,0.473767218
602.041,1996,0.473767218
602.076,2504,0.473767218
602.099,1898,0.473767218
602.135,2389,0.473767218
602.173,2469,0.473767218
602.203,2692,0.447678459
602.257,1890,0.473767218
602.281,2532,0.473767218
602.375,1953,0.473767218
602.386,2129,0.473767218
602.419,1112,0.843695179
602.509,1869,0.473767218
602.54,1657,0.473767218
602.651,2959,0.473767218
602.678,2461,0.526232782
602.8,2464,0.473767218
602.948,2961,0.473767218
602.966,1790,0.473767218
602.993,2087,0.473767218
603.125,963,0.473767218
603.222,2633,0.473767218
603.287,1686,0.473767218
603.293,2836,0.473767218
603.343,2049,0.473767218
603.36,2394,0.473767218
603.486,2234,0.473767218
603.516,1816,0.473767218
603.534,1161,0.473767218
603.607,2039,0.473767218
603.61,2387,0.473767218
603.619,2227,0.473767218
603.648,2238,0.473767218
603.675,948,0.473767218
603.746,2545,0.473767218
603.925,2244,0.473767218
603.987,2127,0.473767218
604.005,1703,0.473767218
604.059,1635,0.473767218
604.257,2596,0.473767218
604.37,1724,0.473767218
604.403,2528,0.473767218
604.414,2985,0.473767218
604.439,2986,0.473767218
604.44,989,0.473767218
604.464,1804,0.473767218
604.546,1237,0.473767218
604.719,1643,0.473767218
604.735,1086,0.473767218
604.875,1935,0.473767218
604.901,2655,0.473767218
604.902,2607,0.473767218
605.027,2057,0.473767218
605.032,1324,0.473767218
605.036,1878,0.473767218
605.096,2375,0.473767218
605.143,1936,0.473767218
605.166,2952,0.473767218
605.321,2252,0.473767218
605.455,2292,0.473767218
605.474,1398,0.473767218
605.499,2322,0.473767218
605.518,1867,0.473767218
605.638,2918,0.473767218
605.698,1842,0.473767218
605.797,2585,0.692378612
605.806,2665,0.473767218
605.931,2185,0.473767218
605.936,1553,0.473767218
605.938,2832,0.473767218
605.955,949,0.473767218
605.974,2467,0.473767218
605.995,2235,0.473767218
606.066,1601,0.473767218
606.134,2236,0.473767218
606.179,2340,0.473767218
606.186,1737,0.473767218
606.254,2290,0.473767218
606.47,2478,0.473767218
606.501,2682,0.473767218
606.546,2404,0.473767218
606.579,2318,0.473767218
606.708,2593,0.473767218
606.873,1829,0.473767218
606.941,1745,0.473767218
606.973,1505,0.473767218
607.1,2627,0.473767218
607.224,1116,0.875348055
607.388,2870,0.473767218
607.484,1572,0.913360035
607.539,2240,0.473767218
607.555,921,0.787221147
607.619,1984,0.473767218
607.68,2894,0.473767218
607.773,2268,0.473767218
607.962,2827,0.473767218
608.062,1991,0.473767218
608.071,1679,0.473767218
608.51,2778,0.473767218
608.544,2802,0.473767218
608.646,2844,0.473767218
608.708,1685,0.473767218
608.859,1636,0.473767218
608.961,2345,0.608643369
609.043,2046,0.473767218
609.353,2501,0.473767218
609.657,1826,0.473767218
609.658,2784,0.473767218
609.694,2363,0.473767218
609.73,1919,0.473767218
609.775,2005,0.473767218
609.776,2476,0.473767218
609.901,1807,0.473767218
610.03,2472,0.473767218
610.036,2285,0.494142124
610.062,1063,0.473767218
610.157,1797,0.473767218
610.186,2771,0.473767218
610.22,2782,0.473767218
610.329,1129,0.473767218
610.443,2745,0.473767218
610.481,2932,0.421874598
610.749,2000,0.473767218
610.751,2029,0.473767218
610.759,1230,0.473767218
610.827,2064,0.473767218
610.856,1423,0.473767218
610.863,1613,0.234275059
610.954,925,0.5
611.063,1963,0.473767218
611.114,2416,0.473767218
611.438,1451,0.473767218
611.486,2773,0.473767218
611.572,2004,0.473767218
611.595,1591,0.473767218
611.618,1530,0.473767218
611.677,1479,0.473767218
611.687,2997,0.473767218
611.689,1167,0.473767218
611.703,1880,0.473767218
611.908,2518,0.473767218
612.061,2743,0.473767218
612.144,1695,0.473767218
612.374,2565,0.473767218
612.404,2601,0.473767218
612.419,2625,0.473767218
612.433,2111,0.473767218
612.437,2693,0.473767218
612.456,1675,0.473767218
612.498,1409,0.473767218
612.579,1037,0.843695179
612.594,2207,0.937783982
612.661,1952,0.473767218
612.669,2975,0.473767218
612.686,1019,0.473767218
612.743,1460,0.473767218
612.773,2128,0.473767218
612.907,1933,0.473767218
612.918,1339,0.473767218
612.988,2818,0.473767218
613.305,2331,0.473767218
613.364,2382,0.473767218
613.517,2972,0.473767218
613.705,1694,0.473767218
613.847,1542,0.473767218
613.851,1603,0.473767218
613.943,1077,0.499734416
613.999,2675,0.473767218
614.037,1632,0.875
614.055,1107,0.473767218
614.105,1205,0.473767218
614.113,1164,0.473767218
614.14,1545,0.473767218
614.227,895,0.955688927
614.27,791,0.988841701
614.403,2265,0.843695179
614.459,955,0.473767218
614.5,2150,0.473767218
614.601,1789,0.473767218
614.64,2136,0.473767218
615.179,2062.5,0.473767218
615.193,2695,0.473767218
615.347,1796,0.473767218
615.354,2702,0.473767218
615.36,2730,0.473767218
615.375,2683,0.960736108
615.415,2671,0.918297265
615.502,1064,0.473767218
615.505,1794,0.473767218
615.528,2554,0.92445009
615.751,1305,0.473767218
615.806,1442,0.473767218
615.892,1267,0.447678459
615.907,1297,0.473767218
615.909,1366,0.473767218
616.059,2395,0.473767218
616.098,2957,0.473767218
616.141,1416,0.473767218
616.353,2437,0.473767218
616.368,2019,0.473767218
616.39,1071,0.473767218
616.534,2402,0.473767218
616.739,2822,0.473767218
616.837,1727,0.473767218
616.893,2024,0.473767218
617.088,1374,0.473767218
617.099,1122,0.473767218
617.216,2766,0.473767218
617.345,2560,0.473767218
617.359,2786,0.473767218
617.416,2821,0.5
617.439,2965,0.473767218
617.443,1971,0.473767218
617.491,1403,0.473767218
617.577,1782,0.473767218
617.672,2256,0.473767218
617.742,1590,0.651950319
618.067,2439,0.473767218
618.106,2847,0.473767218
618.313,2433,0.473767218
618.324,2927,0.473767218
618.816,946,0.473767218
618.825,2813,0.473767218
618.875,1663,0.473767218
618.999,2785,0.876927012
619.089,2030,0.473767218
619.166,1981,0.473767218
619.179,2507,0.473767218
619.394,810,0.999863316
619.591,2324,0.473767218
619.734,2869,0.473767218
619.791,2659,0.473767218
619.877,2148,0.473767218
620.073,1751,0.473767218
620.101,2059,0.473767218
620.14,1190,0.473767218
620.142,1098,0.473767218
620.161,2169,0.473767218
620.179,1646,0.532766022
620.249,1177,0.473767218
620.335,2441,0.5
620.413,2306,0.473767218
620.418,1977,0.473767218
620.423,2939,0.843695179
620.502,2341,0.473767218
620.572,2413,0.725391613
620.646,2453,0.473767218
620.721,1404,0.473767218
620.795,1665,0.473767218
620.859,1232,0.473767218
620.872,1093,0.473767218
620.971,1362,0.473767218
620.997,2271,0.473767218
621.001,1318,0.473767218
621.019,1493,0.473767218
621.101,2764,0.473767218
621.299,2878,0.473767218
621.354,2253,0.473767218
621.474,1248,0.473767218
621.539,1885,0.180979391
621.563,1065,0.473767218
621.701,1264,0.473767218
621.837,2924,0.473767218
622.049,2936,0.473767218
622.074,1870,0.473767218
622.3,1364,0.473767218
622.475,1666,0.473767218
622.619,1592,0.473767218
622.668,2266,0.949932263
622.825,1897,0.473767218
623.017,1903,0.473767218
623.04,1588,0.473767218
623.106,1723,0.473767218
623.339,1143,0.473767218
623.485,1951,0.804137823
623.568,2830,0.473767218
623.602,1578,0.812131695
623.67,1114,0.473767218
623.681,2888,0.473767218
623.777,1566,0.473767218
623.906,1811,0.473767218
624.179,1986,0.473767218
624.195,1667,0.473767218
624.38,1872,0.473767218
624.459,2970,0.473767218
624.579,1750,0.421874598
624.587,964,0.473767218
624.664,1401,0.473767218
624.731,2356,0.395015403
624.838,1447,0.473767218
624.856,1393,0.473767218
624.866,2075,0.473767218
624.877,2232,0.473767218
624.969,1857,0.843695179
625.006,1443,0.473767218
625.132,2226,0.473767218
625.339,1101,0.473767218
625.362,1820,0.473767218
625.397,2021,0.473767218
625.476,1954,0.473767218
625.625,1154,0.473767218
625.694,2892,0.473767218
625.81,2438,0.473767218
625.859,1649,0.473767218
625.991,1943,0.473767218
626.035,1668,0.473767218
626.093,2159,0.473767218
626.222,2992,0.473767218
626.288,2296,0.473767218
626.302,1812,0.473767218
626.464,1595,0.870362069
626.577,1485,0.999704653
627.019,2080,0.833333333
627.056,2670,0.473767218
627.188,1376,0.473767218
627.338,1066,0.473767218
627.36,2280,0.473767218
627.419,2574,0.473767218
627.47,1541,0.473767218
627.502,2570,0.473767218
627.541,981,0.473767218
627.558,2951,0.473767218
627.631,950,0.473767218
627.643,1369,0.473767218
627.74,2350,0.473767218
627.856,2525,0.473767218
627.858,2346,0.473767218
627.913,1831,0.473767218
627.937,1696,0.473767218
627.965,2447,0.473767218
628.008,2086,0.473767218
628.029,2624,0.435381663
628.051,2370,0.473767218
628.172,2480,0.473767218
628.308,2979,0.473767218
628.381,1385,0.473767218
628.395,1669,0.473767218
628.444,2374,0.473767218
628.629,1658,0.473767218
628.752,1384,0.473767218
628.762,1183,0.473767218
629.109,1296,0.473767218
629.18,2003,0.473767218
629.235,2335,0.833949085
629.241,2594,0.473767218
629.375,786,0.942030162
629.411,1128,0.473767218
629.489,1060,0.473767218
629.532,2257.5,0.565233464
629.659,1153,0.473767218
629.806,1970,0.766946771
629.939,947,0.473767218
629.944,1234,0.091954023
629.963,2006,0.473767218
629.995,967,0.473767218
629.999,2737,0.473767218
630.199,2645,0.473767218
630.232,2623,0.473767218
630.259,1192,0.473767218
630.299,2656,0.473767218
630.315,1670,0.473767218
630.411,1620,0.473767218
630.464,2872,0.989896664
630.477,2410,0.473767218
630.53,2901,0.473767218
630.623,1147,0.473767218
630.659,2174,0.473767218
630.729,2863,0.473767218
630.979,1885.5,0.473767218
631.402,2118,0.473767218
631.478,2152,0.5
631.509,2736,0.473767218
631.749,1532,0.473767218
631.806,1445,0.473767218
631.942,2323,0.473767218
632.099,990,0.473767218
632.139,1353,0.729795391
632.185,1330,0.473767218
632.348,1975,0.473767218
632.38,1808,0.473767218
632.561,1146,0.473767218
632.564,2223,0.473767218
632.579,2960,0.986966928
632.642,1157,0.473767218
632.659,1426,0.473767218
632.671,1540,0.769230769
632.787,2502,0.473767218
632.793,970,0.473767218
632.909,2708,0.998737515
633.059,1377,0.473767218
633.114,1598,0.473767218
633.144,1806,0.473767218
633.227,1902,0.473767218
633.262,2513,0.815486345
633.316,1515,0.473767218
633.325,1061,0.473767218
633.465,2407,0.473767218
633.538,1417,0.473767218
633.596,1964,0.473767218
633.639,2744,0.473767218
633.801,2388,0.473767218
633.994,2837,0.473767218
634.079,1368,0.473767218
634.114,2669,0.473767218
634.434,2215,0.473767218
634.441,942,0.473767218
634.447,2710,0.473767218
634.624,1131,0.473767218
634.884,1067,0.473767218
634.912,2804,0.473767218
634.955,951,0.473767218
635.105,2272,0.473767218
635.111,2597,0.473767218
635.113,1511,0.473767218
635.118,2583,0.473767218
635.206,2667,0.473767218
635.215,1265,0.473767218
635.365,1338,0.473767218
635.414,1767,0.473767218
635.528,2310,0.473767218
635.679,1615,0.473767218
635.721,2516,0.90828462
635.872,2337,0.473767218
635.899,2719,0.473767218
635.959,2579,0.708661077
635.982,1163,0.473767218
635.999,2752,0.473767218
636.278,2349,0.473767218
636.298,2754,0.473767218
636.326,2612,0.473767218
636.543,2147,0.473767218
636.818,1343,0.231687931
637.019,2369,0.473767218
637.033,1090,0.5
637.229,2603,0.473767218
637.509,1976,0.473767218
637.547,1155,0.473767218
637.581,2489,0.473767218
637.618,1494,0.473767218
637.941,1678,0.473767218
637.946,1938,0.473767218
637.99,1547,0.473767218
638.098,1358,0.473767218
638.386,2740,0.244639712
638.462,2889,0.473767218
638.487,928,0.473767218
638.552,2175,0.473767218
638.681,1048,0.473767218
638.859,1360,0.473767218
639.155,2138,0.473767218
639.317,2462,0.973085666
640.005,1220,0.944211129
640.531,1069,0.447678459
640.565,1560,0.473767218
640.67,2734,0.473767218
640.746,1270,0.944211129
640.829,2475,0.473767218
640.863,2459,0.124421446
640.961,1609,0.473767218
641.004,1118,0.473767218
641.009,2164,0.473767218
641.154,1115,0.473767218
641.163,2499,0.473767218
641.211,2749,0.473767218
641.288,1268.5,0.997810488
641.384,1837,0.694338608
641.392,1249,0.473767218
641.68,1350,0.473767218
641.741,1682,0.473767218
642.159,1781,0.8401562
642.205,2202,0.997810488
642.312,979,0.473767218
642.566,1551,0.473767218
642.691,1700,0.473767218
642.7,2791,0.683901497
642.744,2192,0.473767218
642.75,1391,0.868421053
642.858,1379,0.473767218
643.009,2034,0.473767218
643.169,2677,0.473767218
643.226,1223,0.944211129
643.253,952,0.473767218
643.339,1444,0.486883609
643.376,1182,0.473767218
643.524,1993,0.824793258
643.526,2026,0.473767218
643.539,1736,0.719444444
643.578,1149,0.473767218
643.583,1607,0.473767218
643.605,1422,0.473767218
643.608,2756,0.473767218
643.62,1729,0.944211129
643.628,2463,0.473767218
643.631,2866,0.944211129
643.807,1749,0.473767218
643.928,2716,0.936947868
643.969,2038,0.473767218
643.982,2760,0.473767218
644.016,2025,0.473767218
644.057,2023,0.473767218
644.142,1480,0.572742195
644.387,1361,0.473767218
644.409,2033,0.944211129
644.501,1137,0.473767218
644.554,2398,0.473767218
644.629,1277,0.473767218
644.962,2968,0.473767218
644.97,2041,0.473767218
645.299,2993,0.421874598
645.515,1537,0.473767218
645.663,2798,0.473767218
645.739,1390,0.473767218
645.821,957,0.473767218
645.866,2935,0.473767218
645.89,2519,0.473767218
646.049,1206,0.473767218
646.183,1589,0.473767218
646.234,1070,0.473767218
646.386,1994,0.473767218
646.465,1716,0.473767218
646.484,1500,0.473767218
646.511,1263,0.473767218
646.577,2010,0.473767218
646.589,2334,0.350725165
646.629,1571,0.473767218
646.64,1144,0.473767218
646.665,1136,0.473767218
646.684,1775,0.473767218
646.714,1100,0.473767218
646.877,1489,0.473767218
646.978,1623,0.473767218
647.097,2114,0.473767218
647.111,2805,0.473767218
647.141,2911,0.473767218
647.227,2505,0.473767218
647.551,1926,0.473767218
647.695,926,0.473767218
647.799,2861,0.473767218
647.817,1333,0.473767218
647.899,1013,0.473767218
647.995,2882,0.473767218
648.015,2172,0.473767218
648.28,1181,0.473767218
648.432,1763,0.473767218
648.563,1508,0.473767218
648.617,1618,0.473767218
648.868,1275,0.53640514
649.061,1631,0.473767218
649.389,1015,0.473767218
649.533,2647,0.473767218
649.665,1044,0.473767218
649.835,1219,0.5
650.103,1998,0.473767218
650.399,1354,0.473767218
650.479,975,0.473767218
650.692,995,0.739543884
650.699,1676,0.473767218
650.849,1213,0.473767218
650.968,1730,0.473767218
651.059,1558,0.473767218
651.215,1201,0.473767218
651.339,2820,0.473767218
651.42,1562,0.473767218
651.423,2428,0.473767218
651.497,2391,0.473767218
651.513,1004,0.473767218
651.647,2715,0.473767218
651.66,1006,0.843695179
651.796,1894,0.473767218
651.831,2236,0.473767218
652.121,2883,0.753756385
652.24,2981,0.473767218
652.294,2145,0.473767218
652.395,2291,0.473767218
652.416,2427,0.473767218
652.807,2196,0.473767218
652.887,1186,0.473767218
652.892,2641,0.473767218
653.019,2767,0.473767218
653.404,2631,0.473767218
653.422,1062,0.473767218
653.792,1484,0.473767218
653.942,1000,0.473767218
653.971,2411,0.473767218
654.185,1514,0.473767218
654.328,1722,0.473767218
654.344,1295,0.473767218
654.767,2893,0.354174514
654.834,1533,0.473767218
654.89,1073,0.473767218
655.067,2735,0.473767218
655.234,1018,0.473767218
655.331,1478,0.473767218
655.383,1850,0.759822786
655.525,1787,0.473767218
655.549,2479,0.473767218
655.678,945,0.473767218
655.854,2079,0.473767218
655.957,2131,0.473767218
655.996,2027,0.473767218
656.098,2980,0.473767218
656.109,1111,0.473767218
656.177,1715,0.473767218
656.261,2186,0.473767218
656.318,1159,0.473767218
656.42,1020,0.473767218
656.531,1091,0.473767218
656.587,2249,0.473767218
656.599,1793,0.473767218
656.855,1145,0.473767218
657.04,2531,0.473767218
657.304,1828,0.473767218
657.358,1320,0.473767218
657.537,2829,0.473767218
657.579,2615,0.473767218
657.625,2191,0.473767218
657.931,1389,0.473767218
658.039,2020,0.473767218
658.101,2357,0.473767218
658.154,2713,0.308339851
658.172,1490,0.473767218
658.181,2983,0.473767218
658.242,2721,0.473767218
658.292,2943,0.473767218
658.293,1030,0.473767218
658.302,2723,0.473767218
658.539,2885,0.473767218
658.553,1893,0.473767218
658.574,2862,0.473767218
658.714,1292,0.571230124
658.727,1555,0.473767218
658.869,1246.5,0.473767218
659.026,2793,0.843695179
659.037,2679,0.473767218
659.047,2914,0.473767218
659.059,2358,0.473767218
659.159,2551,0.473767218
659.163,2194,0.976573789
659.239,2868,0.473767218
659.322,1222,0.473767218
659.419,973,0.473767218
659.433,1413,0.473767218
659.49,2707,0.473767218
659.505,1392,0.473767218
659.539,992,0.473767218
659.573,1068,0.473767218
659.602,1208,0.473767218
659.78,2154,0.875
659.806,1323,0.473767218
659.895,961,0.473767218
660.132,2550,0.473767218
660.326,1995,0.473767218
660.341,924,0.473767218
660.372,2999,0.473767218
660.381,2397,0.473767218
660.399,1432,0.473767218
660.61,2900,0.473767218
660.612,1375,0.473767218
660.84,2651,0.473767218
661.014,1813,0.473767218
661.019,1262,0.921975174
661.031,2220,0.473767218
661.059,1873,0.473767218
661.086,2076,0.633982372
661.14,2496,0.473767218
661.205,2676,0.985323937
661.364,1096,0.473767218
661.634,1475,0.744649937
661.65,1671,0.601921001
661.735,1410,0.473767218
661.795,1932,0.473767218
662.039,1698,0.473767218
662.124,2685,0.473767218
662.227,933,0.473767218
662.338,1744,0.473767218
662.339,2372,0.473767218
662.491,2747,0.875
662.727,2273,0.473767218
662.822,2182,0.473767218
663.066,1317,0.473767218
663.273,2303,0.473767218
663.599,2264,0.473767218
663.745,1895,0.473767218
663.75,1854,0.473767218
663.802,1224,0.473767218
663.992,1835,0.473767218
664.014,1242,0.633982372
664.13,922,0.473767218
664.259,2284,0.473767218
664.287,1855,0.473767218
664.321,914,0.777450194
664.623,2523,0.473767218
665.02,1394,0.473767218
665.209,2875,0.473767218
665.229,1184,0.473767218
665.267,1251,0.473767218
665.446,2563,0.473767218
665.633,2867,0.473767218
665.901,2718,0.473767218
665.963,1799,0.473767218
665.976,2931,0.473767218
666.124,1216,0.473767218
666.37,1074,0.447678459
666.497,2937,0.473767218
666.606,1169,0.473767218
666.722,1858,0.473767218
666.792,2541,0.473767218
666.876,2177,0.473767218
666.964,1705,0.473767218
667.129,1756,0.822142717
667.137,1335,0.473767218
667.215,2946,0.473767218
667.515,899,0.540442822
667.525,2365,0.473767218
667.579,1272,0.919012299
667.815,1786,0.473767218
667.905,1755,0.473767218
668.104,1286,0.473767218
668.29,2509,0.473767218
668.415,2511,0.473767218
668.773,1171,0.705882353
668.924,1866,0.473767218
668.927,2045,0.473767218
668.999,1983,0.473767218
669.259,2385,0.473767218
669.812,1109,0.473767218
669.972,1468,0.965494157
670.167,2230,0.473767218
670.192,2072,0.473767218
670.449,2642,0.473767218
670.59,1356,0.473767218
670.812,2578,0.964086331
670.929,1386,0.473767218
671.153,1081,0.473767218
671.312,1879,0.189706347
671.353,1191,0.473767218
671.375,1821,0.473767218
671.419,1672,0.965494157
671.471,2628,0.421874598
671.523,1047,0.473767218
671.527,913,0.433068729
671.748,1681,0.473767218
671.872,2309,0.949932263
671.894,1421,0.473767218
671.938,1957,0.473767218
672.025,1095,0.473767218
672.042,2602,0.533846031
672.051,2549,0.473767218
672.124,2275,0.473767218
672.17,2422,0.473767218
672.173,2544,0.220422655
672.194,2636,0.473767218
672.231,1087,0.473767218
672.314,1124,0.473767218
672.388,1691,0.473767218
672.419,2442,0.473767218
672.451,1075,0.473767218
672.452,2977,0.951231071
672.588,1415,0.473767218
672.725,2577,0.473767218
672.734,1946,0.473767218
672.819,1674,0.473767218
672.821,1170,0.473767218
672.911,2367,0.473767218
673.035,1570,0.473767218
673.135,1985,0.473767218
673.168,2853,0.473767218
673.24,2843,0.473767218
673.254,1843,0.697968957
673.279,2071,0.473767218
673.339,1452,0.473767218
673.41,2011,0.473767218
673.495,1980,0.473767218
673.514,2615,0.473767218
673.518,2167,0.473767218
673.52,1892,0.473767218
673.559,2228,0.473767218
673.619,2294,0.547779847
673.63,1838,0.473767218
673.725,2978,0.473767218
673.797,2984,0.473767218
673.807,2047,0.473767218
673.808,2325,0.473767218
673.819,2373,0.473767218
673.853,965,0.777450194
673.873,2137,0.473767218
673.966,1539,0.939141741
674.14,1600,0.473767218
674.19,1859,0.843695179
674.243,2879,0.473767218
674.281,2307,0.473767218
674.337,1948,0.473767218
674.339,2262,0.473767218
674.433,1005,0.473767218
674.466,2406,0.473767218
674.49,1871,0.473767218
674.499,2779,0.473767218
674.623,2653,0.473767218
674.639,1225,0.473767218
674.668,2897,0.473767218
674.791,1278,0.473767218
674.839,2448,0.473767218
674.85,1575,0.473767218
674.859,1233,0.473767218
674.874,2316,0.711765925
674.899,2727,0.473767218
674.919,2540,0.473767218
674.939,2809,0.473767218
674.944,1882,0.473767218
674.954,2626,0.473767218
674.995,2522,0.473767218
675.03,1633,0.473767218
675.091,934,0.473767218
675.098,2552,0.473767218
675.109,2556,0.494142124
675.126,1520,0.473767218
675.179,1228,0.473767218
675.203,2542,0.473767218
675.212,1692,0.473767218
675.235,2828,0.473767218
675.237,2193,0.473767218
675.278,1788,0.473767218
675.282,2237,0.427272727
675.292,2974,0.473767218
675.423,2722,0.473767218
675.442,2621,0.473767218
675.47,1901,0.473767218
675.522,1057,0.473767218
675.606,953.5,0.473767218
675.619,1587,0.473767218
675.681,2190,0.473767218
675.698,2361,0.473767218
675.703,1138,0.473767218
675.706,1546,0.473767218
675.708,2520,0.473767218
675.719,983,0.473767218
675.919,2246,0.473767218
675.95,959,0.473767218
676.067,2880,0.473767218
676.08,1440,0.473767218
676.084,2093,0.473767218
676.125,1497,0.473767218
676.159,1746,0.473767218
676.199,2279,0.473767218
676.233,1840,0.473767218
676.239,2567,0.473767218
676.273,2153,0.473767218
676.3,1824,0.473767218
676.329,1934,0.473767218
676.405,1218,0.473767218
676.41,1259,0.473767218
676.417,1608,0.473767218
676.454,2267,0.473767218
676.51,2588,0.473767218
676.558,1284,0.473767218
676.599,2950,0.473767218
676.632,1176,0.473767218
676.759,2697,0.473767218
676.779,2949,0.473767218
676.848,2094,0.473767218
676.88,1158,0.473767218
676.884,2032,0.473767218
676.901,2359,0.997451351
676.97,1456,0.473767218
676.978,2611,0.473767218
677.028,2701,0.750062423
677.032,1045,0.473767218
677.138,1502,0.473767218
677.139,1660.5,0.473767218
677.155,2300,0.995108108
677.247,2040,0.473767218
677.253,2474,0.473767218
677.38,1604,0.473767218
677.404,1132,0.473767218
677.487,2135,0.473767218
677.496,1290,0.473767218
677.516,1481,0.473767218
677.527,1340,0.473767218
677.64,2605,0.473767218
677.675,2160,0.473767218
677.68,2260,0.473767218
677.705,1927,0.473767218
677.728,944,0.769230769
677.743,1605,0.473767218
677.805,1106,0.473767218
677.969,1921,0.473767218
677.991,2090,0.473767218
678.011,1579,0.473767218
678.03,1528,0.473767218
678.051,1612,0.473767218
678.079,1597,0.473767218
678.281,1757,0.473767218
678.313,2210,0.473767218
678.315,2497,0.473767218
678.377,1468.6,0.473767218
678.389,1660,0.473767218
678.417,1648,0.473767218
678.426,2792,0.473767218
678.452,2368,0.473767218
678.507,1429,0.473767218
678.582,1915,0.473767218
678.618,2179,0.473767218
678.642,1134,0.473767218
678.651,2987,0.473767218
678.659,1580,0.473767218
678.738,1282,0.473767218
678.773,2733,0.473767218
678.788,2231,0.473767218
678.79,2768,0.473767218
678.816,2060,0.962276239
678.833,1031,0.473767218
678.839,2338,0.473767218
678.846,2583,0.473767218
678.859,2668,0.473767218
678.912,2008,0.473767218
678.914,1033,0.473767218
678.921,1639,0.473767218
678.922,1032,0.473767218
678.948,2139,0.473767218
678.979,1052,0.473767218
679.014,2533,0.473767218
679.162,1336,0.473767218
679.179,2741,0.473767218
679.206,2572,0.473767218
679.23,1860,0.473767218
679.251,2082.5,0.473767218
679.319,1861,0.473767218
679.341,2954,0.911484003
679.438,2803,0.473767218
679.499,1960,0.473767218
679.53,2320,0.473767218
679.683,2096,0.473767218
679.701,982,0.473767218
679.74,1702,0.875
679.752,1365,0.473767218
679.763,2831,0.473767218
679.779,1776,0.473767218
679.805,1817,0.473767218
679.827,2095,0.473767218
679.916,2495,0.473767218
679.939,2151,0.473767218
679.961,1978,0.473767218
679.966,1814,0.473767218
679.979,1524,0.473767218
679.996,1058,0.473767218
680.014,1522,0.447678459
680.05,977,0.473767218
680.08,1414,0.473767218
680.083,1759,0.473767218
680.125,2640,0.473767218
680.132,1899,0.473767218
680.134,2348,0.473767218
680.155,2037,0.473767218
680.168,1959,0.473767218
680.295,2759,0.473767218
680.351,1949,0.692378612
680.372,1803,0.473767218
680.375,1839,0.473767218
680.379,1563,0.473767218
680.396,1301,0.473767218
680.399,2366,0.473767218
680.435,2298,0.473767218
680.499,987,0.24824202
680.509,1026,0.473767218
680.577,2705,0.788416154
680.579,1491,0.473767218
680.616,2566,0.473767218
680.634,1309,0.473767218
680.652,1226,0.473767218
680.659,2498,0.473767218
680.668,2007,0.473767218
680.676,2559,0.473767218
680.677,2050,0.473767218
680.701,1564,0.473767218
680.702,2248,0.473767218
680.731,1217,0.473767218
680.753,2905,0.473767218
680.759,1261,0.733747587
680.775,1661,0.473767218
680.82,2311,0.473767218
680.824,2383,0.473767218
680.951,2940,0.473767218
680.967,1920,0.473767218
680.981,2050,0.473767218
681.03,2915,0.473767218
681.074,1918,0.473767218
681.097,2304,0.473767218
681.111,1535,0.473767218
681.117,2635,0.473767218
681.167,1092,0.693488244
681.203,2132,0.473767218
681.234,2353,0.473767218
681.28,1538,0.473767218
681.305,1299,0.473767218
681.332,1279,0.473767218
681.383,2208,0.473767218
681.399,1602,0.473767218
681.454,1400,0.473767218
681.459,2881,0.473767218
681.578,1987,0.473767218
681.584,2998,0.473767218
681.605,1009,0.473767218
681.619,1380,0.473767218
681.637,1329,0.473767218
681.64,2243,0.473767218
681.739,1937,0.473767218
681.746,2539,0.473767218
681.799,1641,0.733747587
681.809,2622,0.473767218
681.843,2794,0.473767218
681.882,2860,0.473767218
681.899,2276,0.473767218
681.98,2104,0.473767218
681.998,2890,0.473767218
682.019,2561,0.473767218
682.023,2053,0.473767218
682.038,2457,0.473767218
682.121,986,0.473767218
682.132,1108,0.473767218
682.137,1687,0.473767218
682.168,2022,0.473767218
682.176,2254,0.473767218
682.178,1211,0.473767218
682.194,1351,0.473767218
682.236,1337,0.473767218
682.259,2013,0.473767218
682.276,1017,0.473767218
682.359,1529,0.473767218
682.367,2259,0.921975174
682.373,1072,0.473767218
682.479,2797,0.473767218
682.499,2161,0.473767218
682.566,2203,0.473767218
682.582,2494,0.473767218
682.619,2085,0.473767218
682.621,1141,0.473767218
682.631,1845,0.473767218
682.739,2082,0.473767218
682.786,1939,0.473767218
682.834,1050,0.5
682.858,2454,0.473767218
682.859,1916,0.473767218
682.899,1462,0.473767218
682.917,2221,0.473767218
682.928,1614,0.473767218
682.93,2606,0.473767218
682.95,2739,0.473767218
682.976,1328,0.473767218
682.979,1236,0.473767218
682.993,1771,0.473767218
683.012,2466,0.473767218
683.03,1016,0.843695179
683.048,2305,0.473767218
683.082,1207,0.473767218
683.111,1625,0.473767218
683.123,1518,0.772727273
683.129,958,0.733666603
683.13,1628,0.999858172
683.139,2688,0.473767218
683.224,1519,0.473767218
683.243,1862,0.473767218
683.268,2517,0.473767218
683.298,1713,0.473767218
683.327,2630,0.473767218
683.438,1593.5,0.473767218
683.465,1056,0.473767218
683.499,1046,0.473767218
683.534,1740,0.310416094
683.613,2638,0.473767218
683.658,2886,0.473767218
683.663,2471,0.473767218
683.691,2553,0.75
683.728,2988,0.473767218
683.767,1023,0.473767218
683.774,1638,0.473767218
683.795,1121,0.473767218
683.799,1626,0.473767218
683.833,2073,0.473767218
683.84,2390,0.740760635
683.857,2581,0.473767218
683.869,2068,0.473767218
683.879,2329,0.473767218
683.894,2102,0.473767218
683.908,2674,0.473767218
683.949,2281,0.473767218
684.02,1231,0.473767218
684.04,1783,0.875
684.044,1396,0.473767218
684.058,1252,0.473767218
684.064,2799,0.473767218
684.102,2380,0.473767218
684.173,1055,0.473767218
684.187,2750,0.473767218
684.188,2412,0.473767218
684.196,2976,0.750062423
684.212,2482,0.473767218
684.222,1997,0.473767218
684.279,2493,0.473767218
684.302,2342,0.473767218
684.333,1621,0.473767218
684.351,1431,0.473767218
684.404,2795,0.473767218
684.421,2963,0.473767218
684.431,1847,0.473767218
684.439,1569,0.089521102
684.472,1908,0.473767218
684.473,2698,0.473767218
684.517,1458,0.473767218
684.579,1319,0.473767218
684.642,2384,0.473767218
684.649,2222,0.473767218
684.726,2339,0.473767218
684.731,1876,0.473767218
684.858,1525,0.473767218
684.985,2381,0.473767218
684.99,1027,0.473767218
685.019,935,0.473767218
685.089,1441,0.473767218
685.14,1311,0.5
685.147,1454,0.473767218
685.156,1002,0.473767218
685.193,2755,0.473767218
685.2,1846,0.473767218
685.246,1083,0.473767218
685.267,1308,0.5
685.302,1244,0.473767218
685.305,2800,0.473767218
685.339,1359,0.473767218
685.364,2500,0.473767218
685.419,2069,0.473767218
685.421,1142,0.473767218
685.474,2690,0.473767218
685.5,1487,0.473767218
685.519,2016,0.473767218
685.542,2092,0.5
685.564,1370,0.473767218
685.571,1253,0.473767218
685.656,2293.5,0.473767218
685.667,1041.5,0.473767218
685.684,1346,0.473767218
685.689,1688,0.473767218
685.706,1785,0.473767218
685.727,2035,0.473767218
685.739,2751,0.473767218
685.786,2108,0.473767218
685.81,1254,0.473767218
685.853,939,0.473767218
685.874,1082,0.473767218
685.958,2573,0.473767218
686.06,2206,0.473767218
686.068,2703,0.473767218
686.071,1848,0.473767218
686.072,2239,0.473477602
686.168,1802,0.473767218
686.175,2801,0.473767218
686.182,1133,0.473767218
686.259,1185,0.900591104
686.337,1227,0.473767218
686.39,2083,0.748791938
686.425,956,0.473767218
686.431,2217,0.473767218
686.433,1680,0.473767218
686.476,2909,0.473767218
686.508,1762,0.473767218
686.52,2686,0.473767218
686.66,997,0.473767218
686.763,2308,0.473767218
686.832,2849,0.473767218
686.848,1809,0.473767218
686.9,1614,0.473767218
686.939,2107,0.863053056
686.946,1661.666667,0.473767218
687.008,1816,0.676835283
688,1810.833333,0.687435018
