time,Unnamed: 0,danmu_y
0.0,44048,134.7711410625646
0.002,41,0.9780965294278515
0.004,486,1.4993601114975954
0.005,75,1.8485099893107857
0.01,218,1.1666952668055228
0.015,115,0.391383654489703
0.019,210,0.9957766612594686
0.02,464,0.9737672181921908
0.021,639,1.432547247517301
0.022000000000000002,196,0.8414050262014012
0.023,661,0.9902610739682257
0.025,148,1.7583157571664245
0.026000000000000002,59,0.9176361396904408
0.027999999999999997,388,0.9737672181921908
0.037000000000000005,177,0.7175503417998508
0.04,261,0.9999965952540812
0.045,147,0.6099200547288735
0.05,40,0.36307642375972804
0.057999999999999996,75,0.4737672181921908
0.063,232,0.4737672181921908
0.065,14,0.9964076464486795
0.071,281,0.8305704478306606
0.07400000000000001,120,0.733650190209658
0.095,349,0.4737672181921908
0.099,8,0.2986486486486488
0.10300000000000001,90,0.843695179297443
0.105,623,0.9988085416603429
0.106,536,1.3203082265894985
0.10800000000000001,496,1.4394727394932723
0.11,116,0.625
0.113,130,0.9096018490786377
0.114,342,1.172555827738376
0.11900000000000001,332,0.8779684558394489
0.145,558,1.3922041184021028
0.149,289,0.35676982934468593
0.155,18,0.44767845850986676
0.159,79,0.7539012456514468
0.165,305,1.6429422167239536
0.182,186,0.1622074037083212
0.185,512,0.9475344363843816
0.18600000000000003,34,0.9679737398350002
0.193,184,0.4737672181921908
0.19399999999999998,240,0.4737672181921908
0.204,57,0.4737672181921908
0.205,175,0.4567346306556488
0.20600000000000002,280,0.4737672181921908
0.22,118,0.8011046966775158
0.225,939,1.2658384694526865
0.233,621,0.16250523015832885
0.245,94,0.4737672181921908
0.24600000000000002,181,0.4737672181921908
0.252,216,1.4637330154675114
0.255,61,0.8588145173280897
0.256,43,0.8953191672196191
0.261,73,0.4737672181921908
0.263,95,0.9207464647962371
0.265,789,2.765138593501442
0.276,307,0.7500624229391235
0.27699999999999997,22,0.6971946466872646
0.278,230,0.843695179297443
0.282,29,0.8630530555797126
0.28300000000000003,123,0.7945972612613825
0.284,72,0.36742432083959586
0.285,356,0.4737672181921908
0.28600000000000003,279,0.5
0.289,255,0.5262327818078083
0.29100000000000004,241,0.901827144095919
0.305,424,0.7095361895490296
0.34299999999999997,760,0.974066028981384
0.49,549,0.36241842528510104
0.585,763,0.1600022278436568
0.677,597,0.1873765963425824
0.705,70,0.9578106516759602
0.845,502,0.9999962861192062
0.893,727,0.947385019967916
0.932,607,0.5788957951774003
0.945,447,0.21937066423466178
0.9790000000000001,422,0.4737672181921908
1.008,357,0.5262327818078083
1.02,421,0.464348739748488
1.166,428,0.13751783802897521
1.176,889,1.5034144440143011
1.3530000000000002,513,0.8703620690579394
1.4040000000000001,644,0.4737672181921908
1.5030000000000001,649,0.4737672181921908
1.5930000000000002,757,0.36742432083959586
1.595,125,0.9999692778236605
1.676,650,0.31571447861910484
1.6980000000000002,557,0.5
1.699,544,0.850001506513437
1.825,427,0.9979370948136695
1.92,550,0.5443456329515354
2.0869999999999997,762,0.6108874413800829
2.145,431,0.11374771301741038
2.259,640,0.47680412371133973
2.419,669,0.9986932188333175
2.426,432,0.2801459977805759
2.427,490,0.33624818799865663
2.725,410,0.9999816265112997
2.761,771,0.8260869565217391
2.7760000000000002,504,0.5
3.225,243,0.4737672181921908
3.545,712,0.4737672181921908
3.5589999999999997,568,0.7499999999999999
3.5980000000000003,647,0.4737672181921908
3.991,316,0.33995168105565465
4.002,725,0.843695179297443
4.0280000000000005,751,0.9771674347143683
4.15,481,0.6558628208940429
4.249,86,0.9463384094276126
4.294,600,0.7706100957193196
4.34,528,0.7297953905324696
4.539,748,0.5262327818078083
4.743,471,0.4737672181921908
4.963,770,0.9838880799011418
5.022,563,0.5629845967388372
5.099,112,0.9709442668739051
5.2989999999999995,570,0.9096018490786377
5.431,401,0.4737672181921908
5.45,761,0.5734524584437776
5.579,701,0.8038107114936591
5.619,530,0.4737672181921908
5.699,690,0.12672324087765374
5.855,534,0.5
6.1370000000000005,494,0.6354295413649591
6.335,488,0.4737672181921908
6.415,394,0.9939843989333423
6.459,700,0.8286499491931998
6.524,478,0.5
6.642,366,0.5
6.921,475,0.9047619047619047
6.979,722,0.8079364768002241
7.197,411,0.9998646046446791
7.306,425,0.621061745483296
7.479,388,0.3680311254284917
7.582999999999999,1284,1.089151833576806
7.664,681,0.843695179297443
8.119,440,0.4737672181921908
8.299,721,0.6152080753592306
8.392000000000001,378,0.5
8.692,606,0.9992017702872641
8.711,707,0.29787529661369194
9.426,755,0.4737672181921908
9.548,454,0.4737672181921908
9.748,673,0.4737672181921908
10.049,395,0.4737672181921908
10.073,491,0.4737672181921908
10.339,484,0.4737672181921908
10.350999999999999,379,0.6316739512502436
10.762,623,0.2588498126952954
10.795,400,0.4737672181921908
10.874,643,0.4737672181921908
10.947000000000001,772,0.4737672181921908
10.979000000000001,714,0.4737672181921908
11.017000000000001,371,0.7500624229391235
11.019,437,0.5
11.139000000000001,343,0.4737672181921908
11.305,383,0.4737672181921908
11.625,396,0.14339241109780498
11.640999999999998,380,0.4737672181921908
11.658,474,0.4737672181921908
12.423,605,0.4737672181921908
12.905999999999999,709,0.4737672181921908
13.082,729,0.4737672181921908
13.579,529,0.5
13.62,429,0.4737672181921908
13.882,697,0.7500624229391235
14.452,442,0.4737672181921908
14.659,540,0.4737672181921908
14.673,556,0.44767845850986676
14.939,659,0.5262327818078083
15.072000000000001,524,0.4737672181921908
15.12,620,0.4737672181921908
15.418,583,0.4737672181921908
15.459000000000001,456,0.4737672181921908
15.485,672,0.8031108751626532
15.517000000000001,520,0.5262327818078083
15.699000000000002,436,0.4737672181921908
15.777999999999999,645,0.5
15.818,554,0.5
15.839,759,0.4737672181921908
15.957,703,0.4737672181921908
16.233,667,0.4737672181921908
16.379,464,0.843695179297443
16.479,633,0.8
16.939,1695,1.9448118975698532
17.05,674,0.4737672181921908
17.189,641,0.4737672181921908
17.502,632,0.4737672181921908
17.680999999999997,497,0.4737672181921908
17.799,611,0.4737672181921908
18.125999999999998,735,0.4737672181921908
18.139,584,0.4737672181921908
18.458,614,0.4737672181921908
18.459,470,0.4737672181921908
18.579,581,0.9997896394030082
18.585,407,0.4737672181921908
18.642,483,0.4737672181921908
18.765,694,0.4737672181921908
18.879,730,0.843695179297443
19.019000000000002,629,0.4737672181921908
19.85,399,0.4737672181921908
19.954,476,0.8540561037510817
20.177,656,0.4737672181921908
20.419,282,0.4737672181921908
20.739,702,0.9715044480927911
20.939,460,0.4737672181921908
20.999000000000002,555,0.6340483035393063
21.553,653,0.4737672181921908
22.059,637,0.4737672181921908
22.099,636,0.4737672181921908
22.781999999999996,459,0.4737672181921908
22.804000000000002,412,0.4737672181921908
23.022,752,0.9517482697769764
23.285999999999998,522,0.4737672181921908
23.305,457,0.4737672181921908
23.599,415,0.4737672181921908
23.761,511,0.44599044001624155
23.939,747,0.4737672181921908
24.201,587,0.4737672181921908
24.203000000000003,652,0.6883727708812962
24.68,518,0.4737672181921908
24.694000000000003,617,0.4737672181921908
24.819000000000003,419,0.4737672181921908
25.233,551,0.4737672181921908
25.296999999999997,553,0.4737672181921908
25.31,430,0.45859794949706545
25.564,547,0.4737672181921908
25.699,514,0.4737672181921908
26.037,492,0.4737672181921908
26.039,438,0.4737672181921908
26.295,655,0.4737672181921908
26.791,728,0.5
26.822,739,0.4737672181921908
26.997,397,0.4737672181921908
27.171999999999997,477,0.4737672181921908
27.283,372,0.4737672181921908
27.299,487,0.2707807102394799
27.379,353,0.4737672181921908
27.498,292,0.4737672181921908
27.594,500,0.4737672181921908
27.774,687,0.4737672181921908
28.259,531,0.4737672181921908
28.299,668,0.875
28.381999999999998,744,0.671717171717172
28.53,559,0.4737672181921908
28.539,569,0.4737672181921908
28.768,634,0.4737672181921908
29.034000000000002,503,0.4737672181921908
29.073,740,0.4737672181921908
29.158,448,0.5357142857142855
29.736,628,0.4737672181921908
30.068,466,0.4737672181921908
30.23,750,0.4737672181921908
30.838,631,0.4737672181921908
30.859,489,0.4737672181921908
30.913,538,0.023209547294358646
31.236,274,0.4737672181921908
31.538,392,0.4737672181921908
31.581,479,0.9596328768104913
31.741999999999997,409,0.9999497462991589
31.978,715,0.4737672181921908
32.001999999999995,420,0.4737672181921908
32.57,354,0.4737672181921908
32.899,105,0.34779051730144206
32.939,560,0.4737672181921908
33.008,364,0.4737672181921908
33.422,756,0.9492317337819296
33.787,468,0.4737672181921908
33.922,301,0.4737672181921908
34.006,588,0.4737672181921908
34.269,44,0.820453311140003
34.332,726,0.4737672181921908
34.961,408,0.4737672181921908
35.0,585,0.5
35.037,273,0.4737672181921908
36.218,567,0.4737672181921908
36.283,638,0.4737672181921908
36.399,469,0.975156424284217
36.719,391,0.4737672181921908
37.064,523,0.4737672181921908
37.579,317,0.4737672181921908
37.986,743,0.4737672181921908
38.405,501,0.4737672181921908
38.442,381,0.4737672181921908
40.381,516,0.2529815054510389
41.383,340,0.4737672181921908
41.705,287,0.4737672181921908
43.736000000000004,406,0.3219368415787851
44.001999999999995,505,0.843695179297443
44.119,423,0.5262327818078083
44.736999999999995,473,0.4737672181921908
45.001999999999995,665,0.4737672181921908
45.125,382,0.4737672181921908
46.0,586,0.5
47.185,680,0.4737672181921908
48.255,561,0.4737672181921908
48.318999999999996,508,0.4737672181921908
48.351000000000006,723,0.4737672181921908
48.74,574,0.4737672181921908
49.181999999999995,710,0.4737672181921908
49.318999999999996,525,0.4737672181921908
49.461000000000006,493,0.5443456329515354
50.037,635,0.8338411492373967
53.016999999999996,134,0.4737672181921908
53.158,718,0.998737514749879
53.273,579,0.9907678011870371
53.721000000000004,736,0.9845536883835756
53.875,738,0.9607660845319864
54.705,69,0.7783488189694686
55.591,548,0.045976003522635756
56.928999999999995,369,0.6177256849518616
58.391999999999996,1207,1.0
58.736000000000004,685,0.4737672181921908
58.896,157,0.4737672181921908
59.227,472,0.5262327818078083
59.563,277,0.4737672181921908
59.738,453,0.4737672181921908
60.98,719,0.6153846153846156
61.606,589,0.4737672181921908
62.566,480,0.4737672181921908
62.87,599,0.4737672181921908
63.114,450,0.23212685159747948
63.638000000000005,664,0.6198200607982128
64.867,271,0.4737672181921908
68.236,695,0.4737672181921908
71.317,575,0.4737672181921908
71.867,465,0.8728763977927895
72.693,542,0.4737672181921908
74.633,624,0.3578142583029381
76.056,365,0.4715052667155759
78.563,426,0.9990663875375448
78.637,683,0.5691507600506271
79.72800000000001,515,0.4737672181921908
80.37,711,0.9987604898555027
81.306,658,0.7919077201402085
82.72399999999999,386,0.4737672181921908
82.78,558,0.957525846410937
83.086,580,0.8121701906401665
83.29899999999999,596,0.9743433391232004
84.42,541,0.4737672181921908
87.105,764,0.9855955057558519
89.109,572,0.4737672181921908
93.314,449,0.7727272727272727
94.677,758,0.14008972960251098
99.07700000000001,404,0.4737672181921908
100.62899999999999,206,0.4737672181921908
101.59100000000001,7,0.9830232689895925
103.485,4,0.9125584887493315
104.719,539,0.8068269611495519
105.65299999999999,753,0.843695179297443
107.29,713,0.9987604898555027
107.63,582,0.29214687527250527
111.473,387,0.2815382778667861
116.499,537,0.7743486146689119
118.48700000000001,552,0.4737672181921908
118.521,745,0.8145831486753865
119.62899999999999,192,0.16831683168316824
119.676,203,0.16831683168316824
119.897,148,0.16831683168316824
120.745,765,0.16831683168316824
121.37700000000001,646,0.5451576192936964
122.37700000000001,398,0.1759559964475833
122.459,688,0.16831683168316824
123.382,233,0.16831683168316824
123.88799999999999,377,0.3535008984308312
124.85799999999999,443,0.27666149593341394
126.93799999999999,414,0.16831683168316824
127.04700000000001,733,0.5270731454690001
127.999,590,0.047287845495129655
128.037,486,0.16831683168316824
128.577,433,0.16831683168316824
128.701,499,0.17865993943607006
129.015,642,0.05714851982436042
129.019,362,0.2997209466052413
129.803,509,0.16831683168316824
132.137,666,0.39108759402255533
133.69899999999998,521,0.3116397252894
134.681,610,0.22270311695429368
140.415,385,0.9866762492042749
142.583,612,0.22270311695429368
149.194,627,0.16831683168316824
150.819,268,0.8544495208631285
151.494,11,0.728335188851665
152.19799999999998,358,0.9906423769970754
152.605,608,0.4737672181921908
154.238,384,0.5
157.217,64,0.2119306883311447
157.79,2,0.5451576192936964
158.974,3,0.026131315824175716
159.339,16,0.5451576192936964
160.42,435,0.5710537173325678
162.205,345,0.3152531561301021
162.499,654,0.4603902132610683
163.995,417,0.9957269865929866
164.64700000000002,578,0.977900592982089
165.43900000000002,532,0.519014938629702
167.81,769,0.008148161119367447
171.50900000000001,132,0.9867934986526586
171.888,506,0.5
172.264,526,0.5
173.097,625,0.35964912280701733
174.239,615,0.4737672181921908
174.512,565,0.014706849759365315
176.53900000000002,675,0.4907501449846001
179.046,28,0.9611793556118929
179.139,679,0.4737672181921908
181.365,601,0.5
181.395,684,0.4737672181921908
182.167,651,0.9006724254212758
182.479,616,0.740911091813916
182.74,451,0.7539012456514468
182.93900000000002,533,0.7974985742058243
183.42,545,0.3943896784020874
183.90400000000002,30,0.7806995209857109
185.385,609,0.24022467857022867
185.82299999999998,418,0.4296932403033493
186.188,439,0.5
186.435,639,0.4737672181921908
186.93900000000002,732,0.23916228101803683
187.37,676,0.4145220136467569
187.822,577,0.5
188.135,546,0.49725092328909837
188.78599999999997,527,0.9889370427924538
188.979,434,0.3257443082311735
189.81900000000002,696,0.7505371202012747
192.019,416,0.4737672181921908
193.66,618,0.611650485436893
194.89700000000002,47,0.2413218662039951
194.97799999999998,536,0.44308236992670835
195.27700000000002,333,0.1956519142229829
195.34400000000002,368,0.7113680414208403
195.75099999999998,24,0.3088672987838691
195.79,613,0.4737672181921908
196.669,662,0.3963687813035204
197.19299999999998,390,0.4737672181921908
197.24900000000002,742,0.6071023692447323
198.465,766,0.5
199.985,767,0.5
200.299,0,0.890142453148024
200.49400000000003,455,0.4737672181921908
200.958,699,0.4737672181921908
201.519,519,0.7289909579676204
202.21900000000002,594,0.2413218662039951
202.553,485,0.8684210526315791
202.65200000000002,341,0.2765301236702713
202.78,413,0.5072931221752207
202.83900000000003,35,0.8248498058600445
203.546,705,0.26829589038675117
204.25900000000001,326,0.9731195650431698
206.38299999999998,462,0.406993556301417
206.615,495,0.5262327818078083
207.218,564,0.011268554234185935
207.356,591,0.8118868346938334
208.019,37,0.27500000000000024
208.328,290,0.5262327818078083
208.49200000000002,208,0.5
210.365,663,0.3963687813035204
211.05,55,0.19999999999999996
211.93099999999998,461,0.27500000000000024
212.187,458,0.5652992109019419
212.41099999999997,678,0.5849183839785972
213.08700000000002,677,0.7314893879154111
213.791,593,0.4737672181921908
237.00400000000002,250,0.08875971077299538
237.032,389,0.4737672181921908
237.922,452,0.9016435892464814
239.03900000000002,671,0.391383654489703
240.15,630,0.7537563845952006
241.447,562,0.4737672181921908
243.96200000000002,58,0.46153846153846145
248.304,576,0.4737672181921908
248.655,660,0.4737672181921908
256.51599999999996,402,0.4737672181921908
261.143,773,0.4737672181921908
261.686,657,0.4737672181921908
262.95099999999996,689,0.3537414965986396
270.66700000000003,626,0.7895843387957213
278.078,716,0.5
281.435,566,0.7500624229391235
282.379,749,0.4737672181921908
282.569,746,0.1718750000000001
282.84,373,0.09090909090909094
284.29900000000004,108,0.6311697874135845
286.41900000000004,731,0.09195402298850586
286.639,682,0.6311697874135845
286.74,693,0.9931558669518913
291.835,741,0.09195402298850586
296.628,85,0.15200811093226718
303.33299999999997,496,0.6400222107123898
304.499,692,0.9120879120879121
305.166,23,0.7930874524488594
306.685,602,0.10051950378620422
308.414,1,0.9999536065083742
312.21299999999997,374,0.9994217748042972
312.899,17,0.8964910058451755
313.098,367,0.5
313.816,754,0.8496070060390426
314.243,21,0.8683512283051996
314.70099999999996,294,0.3215794932383974
314.853,297,0.9998505579713046
315.58,717,0.7554702357665382
319.182,393,0.7431657481958291
321.993,446,0.8999999999999999
322.198,376,0.9216504289991332
322.63,535,0.5
324.119,573,0.5
324.26099999999997,270,0.8780536375373402
325.533,403,0.9507737157315105
327.022,622,0.894826933686731
327.819,704,0.35170244194617495
328.699,251,0.9951801727741174
329.025,467,0.4737672181921908
329.06300000000005,592,0.838182989127319
330.55800000000005,350,0.7802005871541315
330.62,360,0.5
330.88,595,0.6931677171675176
330.985,724,0.4737672181921908
331.259,405,0.8
332.793,188,0.5622280691968314
333.09,670,0.843695179297443
335.161,510,0.9763140693674993
336.959,370,0.4737672181921908
337.73199999999997,375,0.4737672181921908
338.832,737,0.43390127573514337
341.295,507,0.574549474228723
343.98800000000006,441,0.6127756159745679
345.314,698,0.5942468198878258
345.765,482,0.9444444444444444
349.019,691,0.7933387752090943
353.374,768,0.4780479805526724
354.148,313,0.47878973931808355
358.939,512,0.8135944053713182
362.666,2330,0.4737672181921908
363.899,2077,0.4737672181921908
364.009,906,0.9811050222015338
364.801,2424,0.670469695610341
367.852,886,0.9992666105307524
369.62800000000004,2922,0.9941828097269059
369.65,2917,0.6967360701081438
372.08,2379,0.4737672181921908
372.546,1774,0.9860357570079348
372.779,2650,0.27935475761477235
375.065,1418,0.9520617397142815
375.369,830,0.9232104283422923
377.139,2506,0.8491690196693477
378.26800000000003,779,0.6028319892136442
380.981,3094,1.844481796352321
381.599,1314,0.9616580312725783
383.76599999999996,880,0.7179115861696205
384.744,1512,0.9664377234349877
387.041,936,0.9350851483655287
388.486,842,0.9887121948127466
388.584,1123,0.6340853422305756
388.792,814,0.9046103063460529
389.675,866,0.8004175178521932
389.721,894,0.908237382978754
390.481,1693,0.8093670694147157
390.756,813,0.2545618901372083
390.848,1925,0.5
392.25300000000004,889,0.9740800227094619
392.70300000000003,2884,0.7379099644649892
392.905,2823,0.9930558505992668
394.97900000000004,1165,0.7368421052631581
399.284,865,0.9966273673479205
399.33099999999996,2732,0.9899859692311069
403.11400000000003,796,0.9981309090187973
404.065,826,0.9867934986526586
404.18,2313,0.890142453148024
406.01599999999996,2070,0.843695179297443
406.374,817,0.5448972086140963
407.265,1548,0.9918019069454918
409.531,790,0.9942525980612564
409.944,1119,0.4387811869741566
411.57199999999995,2409,0.9996228279504813
411.839,2738,0.4737672181921908
417.204,1526,0.5
420.418,1332,0.6428571428571428
420.499,2392,0.91336003503194
424.14599999999996,882,0.8831135998527949
424.26,904,0.9365707205150793
426.41900000000004,1357,0.4737672181921908
426.82800000000003,2661,0.4390476190476189
430.06699999999995,839,0.058741115348102335
430.25199999999995,2036,0.9146217881134748
430.575,809,0.9834178505816945
431.654,2912,0.34059839642328693
431.657,908,0.34059839642328693
431.825,888,0.1308576804863284
431.874,917,0.5375875686856084
432.075,822,0.34059839642328693
432.586,793,0.09947962518954256
432.67800000000005,898,0.20622719971671954
432.699,1300,0.875
433.02,855,0.23020463833681637
434.399,2113,0.34059839642328693
434.405,1280,0.9818967172468772
434.751,1673,0.9326652666717784
435.408,1967,0.4285714285714284
436.464,1021,0.9183613813094327
436.515,1517,0.9933730904114837
436.62,884,0.21172049158374806
437.465,2619,0.34059839642328693
437.634,803,0.5272331406352562
437.68199999999996,2425,0.5630095654334876
437.82199999999995,853,0.961223486995577
438.413,1931,0.6756221945322397
439.235,1753,0.5921858702770668
439.801,2158,0.06259493154905771
440.809,1742,0.43369717287812615
441.70300000000003,1307,0.8071638410332524
442.733,893,0.8262980868626456
443.74199999999996,2355,0.5
444.334,825,0.03477287874712065
445.417,852,0.09459731761096724
445.841,2865,0.5736617241019233
446.95599999999996,897,0.5193969958594796
449.04900000000004,2209,0.8139607966729843
449.23699999999997,1642,0.8
449.76599999999996,807,0.858855168277324
449.816,2947,0.4737672181921908
451.288,859,0.9918394300246941
452.86800000000005,2061,0.5527935526587134
453.287,1437,0.5778020609242092
455.219,2658,0.7292874302932767
455.61199999999997,833,0.9745796239578401
455.82099999999997,835,0.9530185910473227
456.06800000000004,788,0.9316936770227965
456.559,816,0.9995387647332074
456.582,800,0.5718371511484455
456.592,776,0.9923045952725807
456.82800000000003,848,0.3018874372935748
457.059,1024,0.42938840809681844
457.092,2097,0.9991784745663407
457.18699999999995,846,0.27866719113284
457.86300000000006,1448,0.9751349273004098
458.148,2864,0.34289927242401286
458.37199999999996,1611,0.9957269865929866
458.379,784,0.9012659610938278
458.659,1577,0.9751349273004098
459.089,2589,0.5262327818078083
459.45300000000003,2834,0.9957269865929866
460.191,1827,0.9727162612452163
460.667,1120,0.9751349273004098
460.75699999999995,2333,0.8404723837756801
461.431,1760,0.8684210526315791
461.592,1543,0.09195402298850586
462.103,867,0.146950043401888
462.306,1076,0.4737672181921908
462.834,2440,0.9049443266509583
462.879,1728,0.4753048650285955
463.75300000000004,2925,0.5193969958594796
464.039,2537,0.9829297909831111
464.469,1298,0.9347915045656515
465.717,1930,0.7642709336536204
466.579,1420,0.5262327818078083
467.045,1281,0.7895843387957213
467.11400000000003,781,0.935435202305989
467.361,1240,0.16666666666666674
468.089,1499,0.20949237914882768
468.102,2067,0.7143536584286763
468.55800000000005,1483,0.7642709336536204
469.67800000000005,980,0.09195402298850586
469.83,1038,0.8945390968018196
470.227,1503,0.5262327818078083
470.392,2103,0.7142901095309506
471.099,1130,0.3946381521614456
471.151,1822,0.7895843387957213
471.57,2598,0.97934529302934
472.25199999999995,2899,0.9082846204657966
472.288,2211,0.5
472.533,920,0.952135715425521
472.61300000000006,2816,0.5
472.70300000000003,916,0.44767845850986676
472.91900000000004,2543,0.21545526044491703
473.685,824,0.8217626027458793
473.835,2302,0.5262327818078083
473.958,2436,0.9850020023752005
474.20599999999996,2510,0.38928229233611245
474.464,1387,0.4737672181921908
474.899,860,0.2413218662039951
475.395,841,0.9970326503594078
475.409,877,0.84243975818279
475.458,856,0.7142901095309506
475.80300000000005,840,0.606758025507524
475.91900000000004,3963,1.2435775184829105
476.001,902,0.7642709336536204
476.059,1203,0.4737672181921908
476.814,1034,0.7297953905324696
477.035,2176,0.4737672181921908
477.11800000000005,872,0.4064491486249904
477.67,938,0.4645517691486034
477.707,971,0.4341653939361374
477.772,1078,0.7194539937148192
478.45,2663,0.5758041904962466
478.666,804,0.7642709336536204
478.723,1972,0.38994800693240883
479.452,1450,0.5
479.67900000000003,891,0.9638540235295294
479.73800000000006,2166,0.4737672181921908
479.858,2790,0.4737672181921908
479.902,1313,0.14996726542731698
480.005,795,0.8259446596401891
480.218,1501,0.6082603300943155
480.33099999999996,1739,0.7673489987426751
480.73199999999997,1238,0.8914510626964619
481.272,798,0.5737429128698149
481.744,1617,0.36307642375972804
481.846,838,0.9792059626686331
481.9,2316,0.14996726542731698
482.101,2255,0.7297953905324696
482.20099999999996,912,0.3081395348837208
482.905,2443,0.39002312750909884
483.135,2051,0.4145220136467569
483.463,1962,0.7642709336536204
483.659,2711,0.6826118215279866
483.778,2144,0.6799719146145818
483.85900000000004,2099,0.2174545160752911
484.07800000000003,2700,0.8499122897192268
484.519,1172,0.8153447781383267
484.619,2788,0.8757271474207371
485.589,2312,0.9349319326094144
485.81699999999995,2155,0.8233816169529056
486.663,2456,0.28184165291991614
487.566,2608,0.31284346893937576
487.939,885,0.9580335694019645
488.006,1868,0.9992603274282902
489.285,1865,0.4737672181921908
489.47,1289,0.9534556175685169
489.51,1707,0.9466990412171479
489.596,1883,0.4504510172362638
489.714,1200,0.4553354903652139
490.288,1662,0.7142901095309506
490.37199999999996,984,0.5470883956798015
491.199,993,0.4737672181921908
491.41900000000004,1584,0.5691830646088247
491.462,1188,0.4737672181921908
491.56699999999995,862,0.2413218662039951
491.94300000000004,1704,0.625
492.212,1610,0.4737672181921908
492.789,1830,0.2750813867346107
492.819,881,0.7417907295308901
493.11199999999997,2819,0.6923786120385603
493.219,2590,0.9565620958495189
493.551,1942,0.5
493.66900000000004,2841,0.8595349932907299
494.06699999999995,1041,0.9975205921186008
494.605,780,0.7297953905324696
494.84,2728,0.7500624229391235
495.01,2769,0.7693274271892961
495.119,2724,0.05642031131428982
495.135,783,0.4020782539968888
495.69800000000004,808,0.2413218662039951
496.0,2774,0.5798611111111113
496.082,2929,0.20949237914882768
496.338,3000,0.6317853705682674
496.445,2168,0.7117491818944284
496.625,2317,0.6402441518646897
496.707,974,0.4565537663354716
497.019,2178,0.4737672181921908
497.074,1457,0.5443456329515354
498.097,1769,0.44021859803858165
498.267,2857,0.2413218662039951
498.407,2421,0.2413218662039951
498.55199999999996,2109,0.2413218662039951
499.155,2966,0.6128020004106958
499.19,1778,0.20949237914882768
499.654,2941,0.19262926912112943
500.115,1316,0.8587442547309142
500.259,1178,0.4737672181921908
500.339,2242,0.8828095699662866
500.527,2515,0.2765104567294536
501.444,2081,0.9742645854459723
501.58,2418,0.7194539937148192
502.26199999999994,918,0.37807258150573353
502.29400000000004,2610,0.44021859803858165
502.305,896,0.7511603363569792
502.471,869,0.9810873029651069
502.477,874,0.37807258150573353
502.48900000000003,2214,0.2413218662039951
502.538,857,0.8015370153832612
502.561,843,0.16699796123221577
502.81300000000005,911,0.37807258150573353
502.848,1347,0.1718750000000001
502.973,910,0.9948746851156642
503.041,1764,0.8843919147927125
503.481,1495,0.8761881974915253
503.533,905,0.37807258150573353
503.849,829,0.6882002217606642
504.13300000000004,892,0.6257464253152349
504.44199999999995,2444,0.8381751311851527
504.6,819,0.7867977888981978
505.548,978,0.8684210526315791
505.957,2321,0.4907501449846001
506.022,887,0.37807258150573353
506.9,811,0.9142134071290697
507.647,1732,0.6882002217606642
507.819,2197,0.9701793313510361
509.596,1726,0.7867977888981978
510.288,1288,0.8199030120731875
511.091,805,0.5074497398172773
511.452,861,0.6940282389966055
512.865,2200,0.4000694502758394
513.559,1593,0.37807258150573353
513.939,2026,0.3757231901076945
514.544,2761,0.9495240948349858
515.545,1989,0.034482758620689724
515.878,1439,0.920029490502181
516.439,1140,0.13494704432058546
516.725,789,0.7272433838503778
516.8480000000001,801,0.17819307086674152
516.8969999999999,890,0.2622364084619925
516.918,2604,0.15375899680995608
516.944,2054,0.2413218662039951
517.035,919,0.6881304441835427
517.057,821,0.6768047635167797
517.23,871,0.26212502823077144
517.323,863,0.6758811740455822
517.888,900,0.34538990503970946
517.9019999999999,831,0.9602768017734603
518.246,1010,0.5788486630457406
518.258,850,0.8244815758010223
518.693,818,0.36013972140553463
519.0269999999999,775,0.08892656358044604
519.451,849,0.9428305661842447
519.774,2115,0.8684210526315791
520.877,799,0.8934400165297466
520.966,1886,0.9598302426876295
521.558,1127,0.6448971734285284
522.22,2055,0.9296858907105244
522.221,864,0.5106974421803665
522.475,915,0.3222051817326038
522.609,1645,0.37482101068588236
522.847,812,0.44878876711757365
525.0409999999999,1792,0.31870563749273506
525.119,2344,0.4737672181921908
525.389,2825,0.9992783121459906
526.21,2483,0.9296858907105244
528.351,2874,0.5678578220274874
529.24,802,0.7497427565843476
530.423,878,0.42414674515245876
531.064,1209,0.671754922904461
532.716,858,0.9569902600147715
532.761,901,0.9986997136677531
533.321,832,0.8453733215718341
533.493,1941,0.9352944386761587
533.87,1655,0.6429335818357281
534.5419999999999,1373,0.4617170543796597
534.888,903,0.9920324537883766
535.211,2620,0.7202459226360759
535.655,1944,0.3709389194708367
536.112,2546,0.5454545454545455
536.497,2042,0.9724538553006001
536.544,823,0.9871851841347467
537.795,828,0.9971329175102225
538.472,1717,0.9869071356579356
538.678,923,0.8963205452016648
538.81,2484,0.9569902600147715
539.319,1059,0.843695179297443
539.712,854,0.4141956799995937
540.299,1285,0.4737672181921908
541.451,1735,0.5262327818078083
542.7180000000001,1516,0.9972068196586474
543.13,2485,0.9869071356579356
543.509,792,0.9036815224146949
543.739,1293,0.8564927696976443
545.077,879,0.7698429372207933
545.408,1303,0.3490359719600802
546.908,1939,0.8874922060960244
547.2080000000001,785,0.44767845850986676
547.35,875,0.2977490923189984
547.578,777,0.5150004335273181
547.654,870,0.2531959772534098
547.72,2851,0.9336720410072646
547.835,1887,0.5
548.168,868,0.6878106757867998
548.285,827,0.7297953905324696
548.336,2729,0.8473875042879994
548.474,847,0.12610646593927477
548.503,2696,0.7833639806875029
548.528,1877,0.5523268667264581
548.682,1596,0.6826118215279866
549.156,1527,0.9264705882352942
550.399,883,0.029907216219802968
551.168,806,0.7815533075956193
551.634,851,0.714617458941319
551.735,2765,0.843695179297443
551.745,1966,0.8680349226052015
551.893,1576,0.9980468712538003
552.119,2877,0.7049180327868854
552.179,2328,0.7565734720030394
552.427,2180,0.4737672181921908
552.609,1823,0.27018951332312224
552.66,1640,0.4737672181921908
553.524,2426,0.5
553.745,2524,0.7500624229391235
553.765,2122,0.7499999999999999
554.107,1798,0.6101089571981767
554.22,998,0.8300286527895473
554.308,2833,0.08637327014501628
554.61,2486,0.2977490923189984
555.505,2592,0.9856165891464793
555.9209999999999,2948,0.7049180327868854
557.354,2043,0.8321752008956871
558.394,1463,0.4141956799995937
558.878,1900,0.7500624229391235
559.268,1780,0.7499999999999999
560.365,909,0.9888613396968229
562.706,782,0.6518173910389322
563.006,1395,0.13814246577934286
563.065,1455,0.6050495344790894
563.185,778,0.9913552309166878
564.482,907,0.26390148183976503
565.43,2681,0.7532042359953871
566.65,2907,0.4737672181921908
566.864,1291,0.5826296743063932
567.347,1294,0.831001225987331
568.394,927,0.8886127632309644
570.179,787,0.8058064005480312
571.132,2189,0.7907104116478566
571.6519999999999,1622,0.5650725507751017
571.7130000000001,2846,0.1358468551738239
571.9,1102,0.47930287488427803
572.477,1738,0.5548767568986573
573.375,2815,0.33333333333333337
576.253,1888,0.4737672181921908
577.554,837,0.9996152288675875
579.712,797,0.9694770372799737
580.137,876,0.9753766009098561
580.372,1758,0.7500624229391235
580.479,1585,0.4737672181921908
580.503,1492,0.4737672181921908
580.779,1504,0.4737672181921908
581.024,1419,0.4737672181921908
581.237,999,0.5249210443798733
581.5509999999999,1210,0.4737672181921908
582.193,1507,0.4737672181921908
582.4,1779,0.4737672181921908
582.539,1480,0.4737672181921908
583.057,1731,0.4737672181921908
583.21,1477,0.4737672181921908
583.236,1923,0.4737672181921908
583.312,1355,0.5
583.33,1008,0.4737672181921908
583.434,1322,0.4737672181921908
583.5369999999999,2263,0.9230254257588619
583.615,836,0.5093917767146704
583.717,985,0.4737672181921908
583.78,1940,0.4737672181921908
583.8240000000001,2856,0.16207448469285657
584.205,1088,0.4737672181921908
584.318,1644,0.4737672181921908
584.37,2490,0.4737672181921908
584.445,1408,0.5262327818078083
584.471,2184,0.4737672181921908
584.491,2014,0.4737672181921908
584.502,1011,0.4737672181921908
584.555,1583,0.4737672181921908
584.569,2229,0.4737672181921908
584.602,1523,0.625
584.755,2714,0.4737672181921908
584.934,1258,0.4737672181921908
584.96,2521,0.4737672181921908
585.025,1531,0.4737672181921908
585.0409999999999,1428,0.4737672181921908
585.047,2288,0.4737672181921908
585.119,1581,0.4737672181921908
585.241,1863,0.4737672181921908
585.305,794,0.7297953905324696
585.371,1761,0.4737672181921908
585.382,966,0.4737672181921908
585.539,1363,0.4737672181921908
585.7040000000001,1198,0.4737672181921908
585.779,1950,0.4737672181921908
585.827,2056,0.4737672181921908
585.859,1630,0.4737672181921908
585.937,2279,0.4737672181921908
585.939,1341,0.4737672181921908
585.945,1619,0.4737672181921908
585.986,1168,0.4737672181921908
585.991,1833,0.4737672181921908
586.0740000000001,2327,0.4737672181921908
586.203,941,0.4737672181921908
586.266,2995,0.4737672181921908
586.273,2125,0.4737672181921908
586.326,1683,0.4737672181921908
586.339,2876,0.4737672181921908
586.4019999999999,2058,0.4737672181921908
586.457,1768,0.4737672181921908
586.5409999999999,2084,0.4737672181921908
586.556,2725,0.4737672181921908
586.6990000000001,1199,0.4737672181921908
586.717,1003,0.4737672181921908
586.865,845,0.7192937304111113
586.943,2141,0.4737672181921908
586.952,815,0.9994403355713894
587.056,937,0.4737672181921908
587.173,2780,0.4737672181921908
587.22,1651,0.4737672181921908
587.399,2842,0.4737672181921908
587.439,1910,0.4737672181921908
587.452,2852,0.4737672181921908
587.486,2930,0.4737672181921908
587.49,2491,0.5
587.519,930,0.6675926344867082
587.5419999999999,1257,0.4737672181921908
587.6709999999999,1834,0.4737672181921908
587.683,2258,0.4737672181921908
587.7090000000001,1709,0.4737672181921908
587.74,2170,0.4737672181921908
587.819,1714,0.4737672181921908
587.851,2171,0.4737672181921908
587.9540000000001,1856,0.4737672181921908
587.975,2450,0.4737672181921908
588.01,2854,0.4737672181921908
588.039,1411,0.843695179297443
588.191,2614,0.4737672181921908
588.259,2956,0.4737672181921908
588.3380000000001,1565,0.4737672181921908
588.361,2958,0.4737672181921908
588.363,2283,0.4737672181921908
588.386,2430,0.4737672181921908
588.539,1383,0.4737672181921908
588.5419999999999,1156,0.4737672181921908
588.564,2015,0.4737672181921908
588.625,2654,0.4737672181921908
588.639,2481,0.4737672181921908
588.658,2568,0.4737672181921908
588.691,2121,0.4737672181921908
588.6990000000001,1304,0.4737672181921908
588.819,1805,0.4737672181921908
588.8290000000001,2569,0.4737672181921908
588.851,1397,0.4737672181921908
588.9590000000001,2261,0.4737672181921908
589.011,1770,0.4737672181921908
589.0409999999999,2451,0.4737672181921908
589.117,2896,0.4737672181921908
589.139,2913,0.4737672181921908
589.179,1371,0.4737672181921908
589.182,1800,0.4737672181921908
589.19,1784,0.4737672181921908
589.2,1586,0.4737672181921908
589.2180000000001,2689,0.4737672181921908
589.219,1089,0.4737672181921908
589.23,960,0.4737672181921908
589.239,3285,0.9475344363843816
589.243,1928,0.4737672181921908
589.248,2250,0.4737672181921908
589.25,2783,0.2268886280554634
589.283,2400,0.4737672181921908
589.318,2555,0.4737672181921908
589.32,1534,0.4737672181921908
589.336,1104,0.4737672181921908
589.362,2123,0.4737672181921908
589.379,1325,0.4737672181921908
589.464,2247,0.4737672181921908
589.489,2282,0.4737672181921908
589.499,2199,0.4737672181921908
589.5,2477,0.4737672181921908
589.511,1836,0.4737672181921908
589.538,2452,0.4737672181921908
589.539,4513,0.9475344363843816
589.5409999999999,2336,0.4737672181921908
589.575,2078,0.4737672181921908
589.577,2576,0.4737672181921908
589.59,3857,0.9475344363843816
589.599,1754,0.4737672181921908
589.618,1561,0.4737672181921908
589.622,1556,0.4737672181921908
589.632,2149,0.4737672181921908
589.645,2224,0.4737672181921908
589.6519999999999,5343,1.470485012750754
589.659,2314,0.4737672181921908
589.698,1381,0.4737672181921908
589.6990000000001,6138,1.4213016545765724
589.7180000000001,2162,0.4737672181921908
589.739,1624,0.4737672181921908
589.755,2449,0.4737672181921908
589.794,1022,0.4737672181921908
589.799,2187,0.4737672181921908
589.803,834,0.22688862805546461
589.877,2188,0.4737672181921908
589.886,2871,0.4737672181921908
589.888,2393,0.4737672181921908
589.905,1053,0.4737672181921908
589.9209999999999,2105,0.4737672181921908
589.929,2796,0.4737672181921908
589.975,1924,0.4737672181921908
589.979,1815,0.4737672181921908
590.003,1765,0.4737672181921908
590.008,2687,0.4737672181921908
590.019,1151,0.4737672181921908
590.061,2257,0.4737672181921908
590.0880000000001,2895,0.4737672181921908
590.099,2371,0.4737672181921908
590.106,2408,0.4737672181921908
590.122,1302,0.4737672181921908
590.141,1917,0.4737672181921908
590.179,1852,0.4737672181921908
590.183,2643,0.4737672181921908
590.202,1152,0.4737672181921908
590.203,1969,0.4737672181921908
590.2090000000001,1947,0.4737672181921908
590.234,2742,0.4737672181921908
590.242,2812,0.4737672181921908
590.249,1117,0.4737672181921908
590.262,1956,0.505033724265986
590.275,2845,0.4737672181921908
590.288,2376,0.4737672181921908
590.299,1407,0.4737672181921908
590.307,1884,0.4737672181921908
590.319,1961,0.4737672181921908
590.37,1708,0.4737672181921908
590.379,2763,0.4737672181921908
590.409,2712,0.4737672181921908
590.4590000000001,2808,0.4737672181921908
590.493,2772,0.4737672181921908
590.609,2616,0.4737672181921908
590.614,2575,0.4737672181921908
590.639,2609,0.4737672181921908
590.656,2919,0.4737672181921908
590.658,1321,0.4737672181921908
590.67,2955,0.4737672181921908
590.68,1094,0.4737672181921908
590.688,2748,0.4737672181921908
590.749,1743,0.4737672181921908
590.768,1881,0.5523268667264581
590.774,1378,0.4737672181921908
590.778,2360,0.4737672181921908
590.779,2933,0.4737672181921908
590.78,1243,0.4737672181921908
590.789,1701,0.4737672181921908
590.859,1582,0.4737672181921908
590.873,1772,0.4737672181921908
590.894,2216,0.7365647236100493
590.939,2508,0.4737672181921908
590.947,1988,0.4737672181921908
590.977,2806,0.4737672181921908
590.986,2017,0.4737672181921908
591.009,2295,0.4737672181921908
591.019,2183,0.4737672181921908
591.02,1215,0.4737672181921908
591.06,5104,0.9475344363843816
591.076,2332,0.4737672181921908
591.119,2140,0.4737672181921908
591.123,1229,0.4737672181921908
591.135,1110,0.4737672181921908
591.1619999999999,1235,0.4737672181921908
591.191,2629,0.4737672181921908
591.207,1273,0.4737672181921908
591.2180000000001,4252,0.9475344363843816
591.222,940,0.4737672181921908
591.239,988,0.4737672181921908
591.243,1014,0.4737672181921908
591.259,2762,0.4737672181921908
591.262,2709,0.4737672181921908
591.2769999999999,1719,0.4737672181921908
591.285,1029,0.4737672181921908
591.337,1550,0.4737672181921908
591.339,2652,0.4737672181921908
591.367,2245,0.4737672181921908
591.37,2535,0.4737672181921908
591.379,1973,0.4737672181921908
591.443,1982,0.4737672181921908
591.499,1080,0.4737672181921908
591.501,1287,0.4737672181921908
591.51,2789,0.4737672181921908
591.512,991,0.4737672181921908
591.5790000000001,968,0.4737672181921908
591.589,2101,0.4737672181921908
591.599,1126,0.44767845850986676
591.602,1283,0.4737672181921908
591.619,2923,0.4737672181921908
591.641,1567,0.4737672181921908
591.6619999999999,2514,0.73374758656285
591.665,1039,0.4737672181921908
591.6659999999999,2942,0.4737672181921908
591.7090000000001,2116,0.4737672181921908
591.7230000000001,1777,0.4737672181921908
591.759,2644,0.4737672181921908
591.779,2048,0.4737672181921908
591.82,2415,0.4737672181921908
591.851,943,0.4737672181921908
591.871,1710,0.4737672181921908
591.874,1684,0.4737672181921908
591.879,2124,0.9242463154701214
591.883,932,0.4737672181921908
591.887,1028,0.4737672181921908
591.889,2994,0.4737672181921908
591.914,1266,0.4737672181921908
591.94,820,0.7772638488600443
591.989,2848,0.843695179297443
592.019,1312,0.4737672181921908
592.026,2417,0.4737672181921908
592.0319999999999,1627,0.4737672181921908
592.034,2455,0.4737672181921908
592.056,1174,0.4737672181921908
592.07,2470,0.4737672181921908
592.139,1629,0.4737672181921908
592.148,2530,0.4737672181921908
592.161,1891,0.4737672181921908
592.1759999999999,1706,0.4737672181921908
592.188,1446,0.4737672181921908
592.189,1766,0.4737672181921908
592.2130000000001,2632,0.4737672181921908
592.216,931,0.4737672181921908
592.248,2431,0.4737672181921908
592.259,2319,0.4737672181921908
592.266,2403,0.4737672181921908
592.337,1105,0.4737672181921908
592.379,1922,0.4737672181921908
592.4019999999999,2618,0.4737672181921908
592.4159999999999,1747,0.4737672181921908
592.419,1239,0.4737672181921908
592.428,2699,0.4737672181921908
592.445,1405,0.4737672181921908
592.4590000000001,2527,0.4737672181921908
592.4780000000001,1741,0.4737672181921908
592.489,1187,0.4737672181921908
592.502,2944,0.4737672181921908
592.534,2181,0.4737672181921908
592.5459999999999,1193,0.4737672181921908
592.601,2401,0.4737672181921908
592.609,2110,0.4737672181921908
592.618,1150,0.4737672181921908
592.625,1664,0.4737672181921908
592.675,1212,0.4737672181921908
592.7,1196,0.4737672181921908
592.716,2964,0.4737672181921908
592.779,2547,0.4737672181921908
592.859,1734,0.4737672181921908
592.899,1241,0.4737672181921908
592.941,2776,0.4737672181921908
592.946,969,0.4737672181921908
592.957,2120,0.4737672181921908
593.001,2662,0.4737672181921908
593.011,2571,0.4737672181921908
593.019,1042,0.4737672181921908
593.02,1652,0.4737672181921908
593.059,2117,0.4737672181921908
593.065,2982,0.4737672181921908
593.082,2757,0.4737672181921908
593.107,1054,0.4737672181921908
593.123,1367,0.4737672181921908
593.125,1007,0.4737672181921908
593.159,4300,0.9475344363843816
593.195,2587,0.4737672181921908
593.1990000000001,1929,0.4737672181921908
593.235,1334,0.4737672181921908
593.266,1315,0.4737672181921908
593.2909999999999,1399,0.4737672181921908
593.3009999999999,2063,0.4737672181921908
593.311,2731,0.4737672181921908
593.354,2399,0.4737672181921908
593.367,1424,0.4737672181921908
593.4069999999999,1402,0.4737672181921908
593.414,1818,0.4737672181921908
593.419,1085,0.4737672181921908
593.425,1549,0.4737672181921908
593.4540000000001,2352,0.4737672181921908
593.507,972,0.4737672181921908
593.557,2378,0.4737672181921908
593.559,2938,0.4737672181921908
593.5790000000001,1906,0.4737672181921908
593.5930000000001,2600,0.4737672181921908
593.639,1342,0.4737672181921908
593.6519999999999,2529,0.4737672181921908
593.659,4084,0.9475344363843816
593.665,1444,0.4737672181921908
593.738,2704,0.6296296296296295
593.857,2558,0.4737672181921908
593.859,1434,0.4737672181921908
593.875,1909,0.4737672181921908
593.887,2826,0.4737672181921908
593.893,1197,0.4737672181921908
593.9259999999999,2423,0.4737672181921908
593.994,1616,0.4737672181921908
593.999,1697,0.4737672181921908
594.009,2850,0.4737672181921908
594.011,2074,0.4737672181921908
594.024,2098,0.4737672181921908
594.07,2297,0.4737672181921908
594.099,1955,0.4737672181921908
594.113,1035,0.4737672181921908
594.1419999999999,2134,0.4737672181921908
594.146,2270,0.4737672181921908
594.151,2445,0.4737672181921908
594.1659999999999,2648,0.4737672181921908
594.185,1720,0.49549607467128576
594.207,1905,0.4737672181921908
594.219,2251,0.4737672181921908
594.2919999999999,2364,0.4737672181921908
594.339,1382,0.4737672181921908
594.371,2908,0.4737672181921908
594.401,1568,0.4737672181921908
594.4169999999999,1469,0.4737672181921908
594.425,2694,0.4737672181921908
594.429,1711,0.4737672181921908
594.499,2824,0.4737672181921908
594.5930000000001,2637,0.4737672181921908
594.611,1162,0.4737672181921908
594.615,2142,0.43196419269022435
594.674,2343,0.4737672181921908
594.678,2173,0.4737672181921908
594.68,2031,0.4737672181921908
594.765,2130,0.4737672181921908
594.769,2921,0.4737672181921908
594.7769999999999,2898,0.4737672181921908
594.781,1214,0.4737672181921908
594.819,2887,0.4737672181921908
594.8290000000001,1712,0.4737672181921908
594.8380000000001,2165,0.4737672181921908
594.908,2293,0.4737672181921908
594.91,1438,0.4737672181921908
594.932,2746,0.4737672181921908
594.933,2945,0.4737672181921908
594.934,2012,0.4737672181921908
594.9540000000001,2269,0.4737672181921908
594.979,4384,0.9475344363843816
594.982,2133,0.4737672181921908
595.009,1274,0.4737672181921908
595.019,3447,0.9475344363843816
595.024,2156,0.4737672181921908
595.045,1968,0.4737672181921908
595.057,2807,0.4737672181921908
595.06,1653,0.4737672181921908
595.0830000000001,2460,0.4737672181921908
595.0880000000001,2591,0.4737672181921908
595.092,2873,0.4737672181921908
595.143,1801,0.4737672181921908
595.1709999999999,2664,0.4737672181921908
595.1759999999999,2717,0.4737672181921908
595.219,1435,0.9822748657352469
595.22,2420,0.4737672181921908
595.221,2787,0.4737672181921908
595.258,1349,0.4737672181921908
595.2669999999999,2634,0.8179579338680395
595.313,1406,0.4737672181921908
595.3380000000001,1851,0.4737672181921908
595.3530000000001,2902,0.4737672181921908
595.433,1844,0.4737672181921908
595.435,4729,0.9788009424581768
595.545,2091,0.4737672181921908
595.591,1718,0.4737672181921908
595.595,2065,0.4737672181921908
595.618,2157,0.4737672181921908
595.6990000000001,2354,0.4737672181921908
595.722,2646,0.4737672181921908
595.769,2599,0.4737672181921908
595.786,2146,0.5677922268250766
595.7919999999999,2143,0.4737672181921908
595.816,2838,0.4737672181921908
595.874,2557,0.4737672181921908
595.879,3145,0.9475344363843816
595.939,1554,0.4737672181921908
595.967,2088,0.44767845850986676
595.992,2706,0.4737672181921908
595.996,1348,0.4737672181921908
596.0169999999999,1864,0.4737672181921908
596.0319999999999,1992,0.4737672181921908
596.058,2052,0.4737672181921908
596.092,2967,0.843695179297443
596.096,2536,0.4737672181921908
596.1659999999999,1536,0.4737672181921908
596.283,1752,0.4737672181921908
596.297,1506,0.743325355576301
596.321,2473,0.4737672181921908
596.403,2920,0.4737672181921908
596.442,1459,0.4737672181921908
596.5169999999999,2112,0.4737672181921908
596.536,2126,0.4737672181921908
596.5369999999999,1099,0.4737672181921908
596.538,1194,0.7500624229391235
596.539,1326,0.4737672181921908
596.586,873,0.691686484118532
596.615,1271,0.4737672181921908
596.627,2817,0.4737672181921908
596.65,1331,0.4737672181921908
596.701,2362,0.4737672181921908
596.719,2018,0.4737672181921908
596.727,1606,0.4737672181921908
596.757,1103,0.4737672181921908
596.819,1345,0.4737672181921908
596.8290000000001,2468,0.4737672181921908
596.86,1654,0.4737672181921908
596.899,4060,0.9475344363843816
596.924,4229,0.9475344363843816
596.979,2916,0.4737672181921908
596.981,2904,0.4737672181921908
597.004,2195,0.4737672181921908
597.007,2446,0.4737672181921908
597.0269999999999,2928,0.4737672181921908
597.047,2287,0.4737672181921908
597.225,2691,0.4737672181921908
597.259,1486,0.4737672181921908
597.285,1599,0.4737672181921908
597.307,1079,0.4737672181921908
597.364,2680,0.4737672181921908
597.377,2204,0.4737672181921908
597.386,1179,0.4737672181921908
597.413,2301,0.4737672181921908
597.419,1436,0.7500624229391235
597.422,1659,0.4737672181921908
597.47,1999,0.4737672181921908
597.539,1958,0.4737672181921908
597.5419999999999,1166,0.4737672181921908
597.585,2991,0.4737672181921908
597.599,2299,0.4737672181921908
597.607,2278,0.4737672181921908
597.614,2586,0.4737672181921908
597.656,1990,0.4737672181921908
597.674,1125,0.4737672181921908
597.689,1175,0.4737672181921908
597.749,2218,0.4737672181921908
597.761,2062,0.4737672181921908
597.77,2492,0.4737672181921908
597.774,2758,0.4737672181921908
597.779,2910,0.4737672181921908
597.794,1310,0.4737672181921908
597.823,2969,0.4737672181921908
597.8580000000001,2009,0.4737672181921908
597.868,2488,0.4737672181921908
597.87,2595,0.4737672181921908
597.905,1473,0.4737672181921908
597.939,2225,0.4737672181921908
597.961,1433,0.4737672181921908
597.9780000000001,1430,0.4737672181921908
598.058,1795,0.4737672181921908
598.059,1250,0.4737672181921908
598.082,2089,0.4737672181921908
598.16,2326,0.4737672181921908
598.179,1195,0.4737672181921908
598.189,2971,0.4737672181921908
598.203,1255,0.4737672181921908
598.21,1907,0.4737672181921908
598.258,1791,0.4737672181921908
598.328,2212,0.4737672181921908
598.3480000000001,1139,0.4737672181921908
598.419,2434,0.4737672181921908
598.429,994,0.4737672181921908
598.447,1482,0.4737672181921908
598.499,996,0.4737672181921908
598.5,2903,0.4737672181921908
598.51,2534,0.4737672181921908
598.536,1773,0.9079081872838508
598.55,2119,0.4737672181921908
598.555,1965,0.4737672181921908
598.559,2989,0.4737672181921908
598.581,1521,0.4737672181921908
598.599,2672,0.4737672181921908
598.643,2163,0.4737672181921908
598.6990000000001,1832,0.4737672181921908
598.737,2926,0.4737672181921908
598.779,2835,0.4737672181921908
598.819,1825,0.8513935627536123
598.826,2858,0.4737672181921908
598.908,1574,0.4737672181921908
598.938,2503,0.4737672181921908
598.998,1841,0.4737672181921908
599.019,2770,0.4737672181921908
599.059,1677,0.4737672181921908
599.141,2859,0.4737672181921908
599.149,1148,0.4737672181921908
599.1659999999999,2213,0.4737672181921908
599.22,1160,0.4737672181921908
599.2330000000001,1496,0.4737672181921908
599.244,2274,0.4737672181921908
599.279,1488,0.4737672181921908
599.286,2233,0.4737672181921908
599.445,1276,0.4737672181921908
599.526,2315,0.4737672181921908
599.5509999999999,2044,0.4737672181921908
599.58,1656,0.4737672181921908
599.689,1202,0.4737672181921908
599.735,2678,0.4737672181921908
599.752,1189,0.4737672181921908
599.83,1690,0.4737672181921908
599.854,2673,0.4737672181921908
599.871,1634,0.4737672181921908
599.88,2639,0.4737672181921908
599.909,2564,0.4737672181921908
599.998,2289,0.4737672181921908
600.052,2666,0.4737672181921908
600.056,2002,0.4737672181921908
600.082,1810,0.4737672181921908
600.139,2660,0.4737672181921908
600.179,1557,0.4737672181921908
600.346,2855,0.4737672181921908
600.382,2891,0.4737672181921908
600.39,1904,0.4737672181921908
600.427,1025,0.1740851772109493
600.442,1513,0.4737672181921908
600.477,1245,0.4737672181921908
600.508,2990,0.4737672181921908
600.5169999999999,2432,0.4737672181921908
600.5319999999999,1849,0.4737672181921908
600.5369999999999,2810,0.4737672181921908
600.599,2066,0.4737672181921908
600.6,2814,0.868701018312647
600.686,1650,0.4737672181921908
600.775,1453,0.7870297997927309
600.778,1417,0.4737672181921908
600.826,929,0.4737672181921908
600.905,2465,0.4737672181921908
600.9069999999999,2781,0.4737672181921908
601.01,1559,0.4737672181921908
601.039,2562,0.4737672181921908
601.11,2351,0.4737672181921908
601.154,2839,0.4737672181921908
601.2090000000001,2205,0.4737672181921908
601.373,2613,0.4737672181921908
601.4,2775,0.4737672181921908
601.49,2934,0.4737672181921908
601.742,2396,0.4737672181921908
601.76,1647,0.4737672181921908
601.859,2405,0.4737672181921908
601.874,844,0.753310740229909
601.891,1084,0.4737672181921908
601.919,1260,0.4737672181921908
601.9209999999999,1204,0.8863636363636364
601.93,1173,0.4737672181921908
601.974,1001,0.4737672181921908
602.0409999999999,1996,0.4737672181921908
602.076,2504,0.4737672181921908
602.099,1898,0.4737672181921908
602.135,2389,0.4737672181921908
602.173,2469,0.4737672181921908
602.203,2692,0.44767845850986676
602.257,1890,0.4737672181921908
602.281,2532,0.4737672181921908
602.375,1953,0.4737672181921908
602.386,2129,0.4737672181921908
602.419,1112,0.843695179297443
602.509,1869,0.4737672181921908
602.54,1657,0.4737672181921908
602.651,2959,0.4737672181921908
602.678,2461,0.5262327818078083
602.8,2464,0.4737672181921908
602.948,2961,0.4737672181921908
602.966,1790,0.4737672181921908
602.993,2087,0.4737672181921908
603.125,963,0.4737672181921908
603.222,2633,0.4737672181921908
603.2869999999999,1686,0.4737672181921908
603.293,2836,0.4737672181921908
603.3430000000001,2049,0.4737672181921908
603.36,2394,0.4737672181921908
603.486,2234,0.4737672181921908
603.516,1816,0.4737672181921908
603.534,1161,0.4737672181921908
603.607,2039,0.4737672181921908
603.61,2387,0.4737672181921908
603.619,2227,0.4737672181921908
603.648,2238,0.4737672181921908
603.675,948,0.4737672181921908
603.746,2545,0.4737672181921908
603.925,2244,0.4737672181921908
603.987,2127,0.4737672181921908
604.005,1703,0.4737672181921908
604.059,1635,0.4737672181921908
604.257,2596,0.4737672181921908
604.37,1724,0.4737672181921908
604.403,2528,0.4737672181921908
604.414,2985,0.4737672181921908
604.439,2986,0.4737672181921908
604.44,989,0.4737672181921908
604.464,1804,0.4737672181921908
604.5459999999999,1237,0.4737672181921908
604.719,1643,0.4737672181921908
604.735,1086,0.4737672181921908
604.875,1935,0.4737672181921908
604.901,2655,0.4737672181921908
604.9019999999999,2607,0.4737672181921908
605.0269999999999,2057,0.4737672181921908
605.0319999999999,1324,0.4737672181921908
605.036,1878,0.4737672181921908
605.096,2375,0.4737672181921908
605.143,1936,0.4737672181921908
605.1659999999999,2952,0.4737672181921908
605.321,2252,0.4737672181921908
605.455,2292,0.4737672181921908
605.474,1398,0.4737672181921908
605.499,2322,0.4737672181921908
605.518,1867,0.4737672181921908
605.638,2918,0.4737672181921908
605.698,1842,0.4737672181921908
605.797,2585,0.6923786120385603
605.806,2665,0.4737672181921908
605.931,2185,0.4737672181921908
605.936,1553,0.4737672181921908
605.938,2832,0.4737672181921908
605.955,949,0.4737672181921908
605.974,2467,0.4737672181921908
605.995,2235,0.4737672181921908
606.066,1601,0.4737672181921908
606.134,2236,0.4737672181921908
606.179,2340,0.4737672181921908
606.186,1737,0.4737672181921908
606.254,2290,0.4737672181921908
606.47,2478,0.4737672181921908
606.501,2682,0.4737672181921908
606.5459999999999,2404,0.4737672181921908
606.5790000000001,2318,0.4737672181921908
606.7080000000001,2593,0.4737672181921908
606.873,1829,0.4737672181921908
606.941,1745,0.4737672181921908
606.9730000000001,1505,0.4737672181921908
607.1,2627,0.4737672181921908
607.224,1116,0.8753480546971505
607.388,2870,0.4737672181921908
607.484,1572,0.91336003503194
607.539,2240,0.4737672181921908
607.555,921,0.7872211469390307
607.619,1984,0.4737672181921908
607.68,2894,0.4737672181921908
607.773,2268,0.4737672181921908
607.962,2827,0.4737672181921908
608.062,1991,0.4737672181921908
608.071,1679,0.4737672181921908
608.51,2778,0.4737672181921908
608.544,2802,0.4737672181921908
608.646,2844,0.4737672181921908
608.7080000000001,1685,0.4737672181921908
608.859,1636,0.4737672181921908
608.961,2345,0.6086433686627761
609.043,2046,0.4737672181921908
609.3530000000001,2501,0.4737672181921908
609.6569999999999,1826,0.4737672181921908
609.658,2784,0.4737672181921908
609.694,2363,0.4737672181921908
609.73,1919,0.4737672181921908
609.775,2005,0.4737672181921908
609.776,2476,0.4737672181921908
609.901,1807,0.4737672181921908
610.03,2472,0.4737672181921908
610.036,2285,0.4941421235694987
610.062,1063,0.4737672181921908
610.1569999999999,1797,0.4737672181921908
610.186,2771,0.4737672181921908
610.22,2782,0.4737672181921908
610.3290000000001,1129,0.4737672181921908
610.443,2745,0.4737672181921908
610.481,2932,0.421874597530976
610.749,2000,0.4737672181921908
610.751,2029,0.4737672181921908
610.759,1230,0.4737672181921908
610.827,2064,0.4737672181921908
610.856,1423,0.4737672181921908
610.863,1613,0.23427505864933873
610.9540000000001,925,0.5
611.063,1963,0.4737672181921908
611.114,2416,0.4737672181921908
611.438,1451,0.4737672181921908
611.486,2773,0.4737672181921908
611.572,2004,0.4737672181921908
611.595,1591,0.4737672181921908
611.618,1530,0.4737672181921908
611.677,1479,0.4737672181921908
611.687,2997,0.4737672181921908
611.689,1167,0.4737672181921908
611.703,1880,0.4737672181921908
611.908,2518,0.4737672181921908
612.061,2743,0.4737672181921908
612.144,1695,0.4737672181921908
612.374,2565,0.4737672181921908
612.404,2601,0.4737672181921908
612.419,2625,0.4737672181921908
612.433,2111,0.4737672181921908
612.437,2693,0.4737672181921908
612.456,1675,0.4737672181921908
612.498,1409,0.4737672181921908
612.5790000000001,1037,0.843695179297443
612.594,2207,0.9377839820538776
612.661,1952,0.4737672181921908
612.669,2975,0.4737672181921908
612.686,1019,0.4737672181921908
612.743,1460,0.4737672181921908
612.773,2128,0.4737672181921908
612.9069999999999,1933,0.4737672181921908
612.918,1339,0.4737672181921908
612.988,2818,0.4737672181921908
613.305,2331,0.4737672181921908
613.364,2382,0.4737672181921908
613.5169999999999,2972,0.4737672181921908
613.705,1694,0.4737672181921908
613.847,1542,0.4737672181921908
613.851,1603,0.4737672181921908
613.943,1077,0.4997344157621074
613.999,2675,0.4737672181921908
614.0369999999999,1632,0.875
614.055,1107,0.4737672181921908
614.105,1205,0.4737672181921908
614.113,1164,0.4737672181921908
614.14,1545,0.4737672181921908
614.227,895,0.9556889269536541
614.27,791,0.9888417007818132
614.403,2265,0.843695179297443
614.4590000000001,955,0.4737672181921908
614.5,2150,0.4737672181921908
614.601,1789,0.4737672181921908
614.64,2136,0.4737672181921908
615.179,4125,0.9475344363843816
615.193,2695,0.4737672181921908
615.347,1796,0.4737672181921908
615.354,2702,0.4737672181921908
615.36,2730,0.4737672181921908
615.375,2683,0.9607361076163203
615.415,2671,0.9182972649933787
615.502,1064,0.4737672181921908
615.505,1794,0.4737672181921908
615.528,2554,0.9244500900427137
615.751,1305,0.4737672181921908
615.806,1442,0.4737672181921908
615.8919999999999,1267,0.44767845850986676
615.9069999999999,1297,0.4737672181921908
615.909,1366,0.4737672181921908
616.059,2395,0.4737672181921908
616.0980000000001,2957,0.4737672181921908
616.141,1416,0.4737672181921908
616.3530000000001,2437,0.4737672181921908
616.368,2019,0.4737672181921908
616.39,1071,0.4737672181921908
616.534,2402,0.4737672181921908
616.739,2822,0.4737672181921908
616.837,1727,0.4737672181921908
616.893,2024,0.4737672181921908
617.0880000000001,1374,0.4737672181921908
617.099,1122,0.4737672181921908
617.216,2766,0.4737672181921908
617.345,2560,0.4737672181921908
617.359,2786,0.4737672181921908
617.4159999999999,2821,0.5
617.439,2965,0.4737672181921908
617.443,1971,0.4737672181921908
617.491,1403,0.4737672181921908
617.577,1782,0.4737672181921908
617.672,2256,0.4737672181921908
617.742,1590,0.6519503191635609
618.067,2439,0.4737672181921908
618.106,2847,0.4737672181921908
618.313,2433,0.4737672181921908
618.3240000000001,2927,0.4737672181921908
618.816,946,0.4737672181921908
618.825,2813,0.4737672181921908
618.875,1663,0.4737672181921908
618.999,2785,0.8769270119102102
619.089,2030,0.4737672181921908
619.1659999999999,1981,0.4737672181921908
619.179,2507,0.4737672181921908
619.394,810,0.9998633158692988
619.591,2324,0.4737672181921908
619.734,2869,0.4737672181921908
619.7909999999999,2659,0.4737672181921908
619.877,2148,0.4737672181921908
620.073,1751,0.4737672181921908
620.101,2059,0.4737672181921908
620.14,1190,0.4737672181921908
620.1419999999999,1098,0.4737672181921908
620.161,2169,0.4737672181921908
620.179,1646,0.5327660221745619
620.249,1177,0.4737672181921908
620.335,2441,0.5
620.413,2306,0.4737672181921908
620.418,1977,0.4737672181921908
620.423,2939,0.843695179297443
620.502,2341,0.4737672181921908
620.572,2413,0.7253916132546977
620.646,2453,0.4737672181921908
620.721,1404,0.4737672181921908
620.795,1665,0.4737672181921908
620.859,1232,0.4737672181921908
620.872,1093,0.4737672181921908
620.971,1362,0.4737672181921908
620.997,2271,0.4737672181921908
621.001,1318,0.4737672181921908
621.019,1493,0.4737672181921908
621.101,2764,0.4737672181921908
621.299,2878,0.4737672181921908
621.354,2253,0.4737672181921908
621.474,1248,0.4737672181921908
621.539,1885,0.1809793907864462
621.563,1065,0.4737672181921908
621.701,1264,0.4737672181921908
621.837,2924,0.4737672181921908
622.049,2936,0.4737672181921908
622.0740000000001,1870,0.4737672181921908
622.3,1364,0.4737672181921908
622.475,1666,0.4737672181921908
622.619,1592,0.4737672181921908
622.668,2266,0.9499322625180527
622.825,1897,0.4737672181921908
623.0169999999999,1903,0.4737672181921908
623.04,1588,0.4737672181921908
623.106,3446,0.9475344363843816
623.339,1143,0.4737672181921908
623.485,1951,0.8041378231009495
623.568,2830,0.4737672181921908
623.602,1578,0.8121316952197316
623.67,1114,0.4737672181921908
623.681,2888,0.4737672181921908
623.7769999999999,1566,0.4737672181921908
623.906,1811,0.4737672181921908
624.179,1986,0.4737672181921908
624.195,1667,0.4737672181921908
624.38,1872,0.4737672181921908
624.4590000000001,2970,0.4737672181921908
624.5790000000001,1750,0.421874597530976
624.587,964,0.4737672181921908
624.664,1401,0.4737672181921908
624.731,2356,0.39501540286931724
624.8380000000001,1447,0.4737672181921908
624.856,1393,0.4737672181921908
624.866,2075,0.4737672181921908
624.877,2232,0.4737672181921908
624.969,1857,0.843695179297443
625.006,1443,0.4737672181921908
625.132,2226,0.4737672181921908
625.339,1101,0.4737672181921908
625.362,1820,0.4737672181921908
625.3969999999999,2021,0.4737672181921908
625.476,1954,0.4737672181921908
625.625,1154,0.4737672181921908
625.694,2892,0.4737672181921908
625.81,2438,0.4737672181921908
625.859,1649,0.4737672181921908
625.991,1943,0.4737672181921908
626.035,1668,0.4737672181921908
626.0930000000001,2159,0.4737672181921908
626.222,2992,0.4737672181921908
626.288,2296,0.4737672181921908
626.302,1812,0.4737672181921908
626.464,1595,0.8703620690579394
626.577,1485,0.9997046531121274
627.019,2080,0.8333333333333333
627.056,2670,0.4737672181921908
627.188,1376,0.4737672181921908
627.3380000000001,1066,0.4737672181921908
627.36,2280,0.4737672181921908
627.419,2574,0.4737672181921908
627.47,1541,0.4737672181921908
627.502,2570,0.4737672181921908
627.5409999999999,981,0.4737672181921908
627.558,2951,0.4737672181921908
627.631,950,0.4737672181921908
627.643,1369,0.4737672181921908
627.74,2350,0.4737672181921908
627.856,2525,0.4737672181921908
627.8580000000001,2346,0.4737672181921908
627.913,1831,0.4737672181921908
627.937,1696,0.4737672181921908
627.965,2447,0.4737672181921908
628.008,2086,0.4737672181921908
628.029,2624,0.43538166282612956
628.0509999999999,2370,0.4737672181921908
628.172,2480,0.4737672181921908
628.308,2979,0.4737672181921908
628.381,1385,0.4737672181921908
628.395,1669,0.4737672181921908
628.444,2374,0.4737672181921908
628.629,1658,0.4737672181921908
628.752,1384,0.4737672181921908
628.762,1183,0.4737672181921908
629.109,1296,0.4737672181921908
629.18,2003,0.4737672181921908
629.235,2335,0.8339490851107348
629.241,2594,0.4737672181921908
629.375,786,0.9420301616288518
629.411,1128,0.4737672181921908
629.489,1060,0.4737672181921908
629.5319999999999,4515,1.130466928331337
629.659,1153,0.4737672181921908
629.806,1970,0.7669467708456326
629.939,947,0.4737672181921908
629.944,1234,0.09195402298850586
629.9630000000001,2006,0.4737672181921908
629.995,967,0.4737672181921908
629.999,2737,0.4737672181921908
630.1990000000001,2645,0.4737672181921908
630.232,2623,0.4737672181921908
630.259,1192,0.4737672181921908
630.299,2656,0.4737672181921908
630.315,1670,0.4737672181921908
630.411,1620,0.4737672181921908
630.464,2872,0.9898966642252188
630.477,2410,0.4737672181921908
630.53,2901,0.4737672181921908
630.623,1147,0.4737672181921908
630.659,2174,0.4737672181921908
630.729,2863,0.4737672181921908
630.979,3771,0.9475344363843816
631.4019999999999,2118,0.4737672181921908
631.4780000000001,2152,0.5
631.509,2736,0.4737672181921908
631.749,1532,0.4737672181921908
631.806,1445,0.4737672181921908
631.942,2323,0.4737672181921908
632.099,990,0.4737672181921908
632.139,1353,0.7297953905324696
632.185,1330,0.4737672181921908
632.3480000000001,1975,0.4737672181921908
632.38,1808,0.4737672181921908
632.561,1146,0.4737672181921908
632.564,2223,0.4737672181921908
632.5790000000001,2960,0.9869669277963049
632.6419999999999,1157,0.4737672181921908
632.659,1426,0.4737672181921908
632.6709999999999,1540,0.7692307692307692
632.7869999999999,2502,0.4737672181921908
632.793,970,0.4737672181921908
632.909,2708,0.998737514749879
633.059,1377,0.4737672181921908
633.114,1598,0.4737672181921908
633.144,1806,0.4737672181921908
633.227,1902,0.4737672181921908
633.262,2513,0.8154863453241915
633.316,1515,0.4737672181921908
633.325,1061,0.4737672181921908
633.465,2407,0.4737672181921908
633.538,2834,0.9475344363843816
633.596,1964,0.4737672181921908
633.639,2744,0.4737672181921908
633.8009999999999,2388,0.4737672181921908
633.994,2837,0.4737672181921908
634.0790000000001,1368,0.4737672181921908
634.114,2669,0.4737672181921908
634.434,2215,0.4737672181921908
634.441,942,0.4737672181921908
634.447,2710,0.4737672181921908
634.624,1131,0.4737672181921908
634.884,1067,0.4737672181921908
634.9119999999999,2804,0.4737672181921908
634.955,951,0.4737672181921908
635.105,2272,0.4737672181921908
635.111,2597,0.4737672181921908
635.113,1511,0.4737672181921908
635.118,5166,0.9475344363843816
635.206,2667,0.4737672181921908
635.215,1265,0.4737672181921908
635.365,1338,0.4737672181921908
635.414,1767,0.4737672181921908
635.528,2310,0.4737672181921908
635.679,1615,0.4737672181921908
635.721,2516,0.9082846204657966
635.872,2337,0.4737672181921908
635.899,2719,0.4737672181921908
635.9590000000001,2579,0.7086610766292815
635.982,1163,0.4737672181921908
635.999,2752,0.4737672181921908
636.278,2349,0.4737672181921908
636.298,2754,0.4737672181921908
636.326,2612,0.4737672181921908
636.543,2147,0.4737672181921908
636.818,1343,0.23168793064995452
637.019,2369,0.4737672181921908
637.033,1090,0.5
637.229,2603,0.4737672181921908
637.509,1976,0.4737672181921908
637.547,1155,0.4737672181921908
637.581,2489,0.4737672181921908
637.618,1494,0.4737672181921908
637.941,1678,0.4737672181921908
637.946,1938,0.4737672181921908
637.99,1547,0.4737672181921908
638.0980000000001,1358,0.4737672181921908
638.386,2740,0.24463971167577658
638.462,2889,0.4737672181921908
638.487,928,0.4737672181921908
638.552,2175,0.4737672181921908
638.681,1048,0.4737672181921908
638.859,1360,0.4737672181921908
639.155,2138,0.4737672181921908
639.317,2462,0.9730856662197301
640.005,1220,0.9442111286248548
640.531,1069,0.44767845850986676
640.565,1560,0.4737672181921908
640.67,2734,0.4737672181921908
640.746,1270,0.9442111286248548
640.8290000000001,2475,0.4737672181921908
640.863,2459,0.1244214460263654
640.961,1609,0.4737672181921908
641.004,1118,0.4737672181921908
641.009,2164,0.4737672181921908
641.154,1115,0.4737672181921908
641.163,2499,0.4737672181921908
641.211,2749,0.4737672181921908
641.288,2537,1.9956209760370303
641.384,1837,0.694338608069512
641.3919999999999,1249,0.4737672181921908
641.68,1350,0.4737672181921908
641.741,1682,0.4737672181921908
642.159,1781,0.8401562000815269
642.205,2202,0.9978104880185151
642.312,979,0.4737672181921908
642.566,1551,0.4737672181921908
642.691,1700,0.4737672181921908
642.7,2791,0.6839014967543416
642.744,2192,0.4737672181921908
642.75,1391,0.8684210526315791
642.8580000000001,1379,0.4737672181921908
643.009,2034,0.4737672181921908
643.169,2677,0.4737672181921908
643.226,1223,0.9442111286248548
643.253,952,0.4737672181921908
643.339,2888,0.9737672181921908
643.376,1182,0.4737672181921908
643.524,1993,0.8247932583436589
643.526,4052,0.9475344363843816
643.539,1736,0.7194444444444446
643.578,1149,0.4737672181921908
643.5830000000001,1607,0.4737672181921908
643.605,1422,0.4737672181921908
643.6080000000001,2756,0.4737672181921908
643.62,1729,0.9442111286248548
643.628,2463,0.4737672181921908
643.631,2866,0.9442111286248548
643.807,1749,0.4737672181921908
643.928,2716,0.9369478678867806
643.969,2038,0.4737672181921908
643.982,2760,0.4737672181921908
644.016,2025,0.4737672181921908
644.057,2023,0.4737672181921908
644.1419999999999,2960,1.1454843899093627
644.387,1361,0.4737672181921908
644.409,2033,0.9442111286248548
644.501,1137,0.4737672181921908
644.554,2398,0.4737672181921908
644.629,1277,0.4737672181921908
644.962,2968,0.4737672181921908
644.97,2041,0.4737672181921908
645.299,2993,0.421874597530976
645.515,1537,0.4737672181921908
645.663,2798,0.4737672181921908
645.739,1390,0.4737672181921908
645.821,957,0.4737672181921908
645.866,2935,0.4737672181921908
645.89,2519,0.4737672181921908
646.049,1206,0.4737672181921908
646.183,1589,0.4737672181921908
646.234,1070,0.4737672181921908
646.386,1994,0.4737672181921908
646.465,1716,0.4737672181921908
646.484,1500,0.4737672181921908
646.511,1263,0.4737672181921908
646.577,2010,0.4737672181921908
646.589,2334,0.35072516527654074
646.629,1571,0.4737672181921908
646.64,1144,0.4737672181921908
646.665,1136,0.4737672181921908
646.684,1775,0.4737672181921908
646.714,1100,0.4737672181921908
646.877,1489,0.4737672181921908
646.9780000000001,1623,0.4737672181921908
647.097,2114,0.4737672181921908
647.111,2805,0.4737672181921908
647.141,2911,0.4737672181921908
647.227,2505,0.4737672181921908
647.5509999999999,1926,0.4737672181921908
647.695,926,0.4737672181921908
647.799,2861,0.4737672181921908
647.817,1333,0.4737672181921908
647.899,1013,0.4737672181921908
647.995,2882,0.4737672181921908
648.015,2172,0.4737672181921908
648.28,1181,0.4737672181921908
648.432,1763,0.4737672181921908
648.563,1508,0.4737672181921908
648.617,1618,0.4737672181921908
648.868,1275,0.5364051400833851
649.061,1631,0.4737672181921908
649.389,1015,0.4737672181921908
649.533,2647,0.4737672181921908
649.665,1044,0.4737672181921908
649.835,1219,0.5
650.1030000000001,1998,0.4737672181921908
650.399,1354,0.4737672181921908
650.479,975,0.4737672181921908
650.692,995,0.7395438843091936
650.6990000000001,1676,0.4737672181921908
650.849,1213,0.4737672181921908
650.9680000000001,1730,0.4737672181921908
651.059,1558,0.4737672181921908
651.215,1201,0.4737672181921908
651.339,2820,0.4737672181921908
651.42,1562,0.4737672181921908
651.423,2428,0.4737672181921908
651.497,2391,0.4737672181921908
651.513,1004,0.4737672181921908
651.6469999999999,2715,0.4737672181921908
651.66,1006,0.843695179297443
651.7959999999999,1894,0.4737672181921908
651.831,4472,0.9475344363843816
652.121,2883,0.7537563845952006
652.24,2981,0.4737672181921908
652.294,2145,0.4737672181921908
652.395,2291,0.4737672181921908
652.4159999999999,2427,0.4737672181921908
652.807,2196,0.4737672181921908
652.887,1186,0.4737672181921908
652.8919999999999,2641,0.4737672181921908
653.019,2767,0.4737672181921908
653.404,2631,0.4737672181921908
653.422,1062,0.4737672181921908
653.7919999999999,1484,0.4737672181921908
653.942,1000,0.4737672181921908
653.971,2411,0.4737672181921908
654.185,1514,0.4737672181921908
654.328,1722,0.4737672181921908
654.344,1295,0.4737672181921908
654.7669999999999,2893,0.3541745142647268
654.8340000000001,1533,0.4737672181921908
654.89,1073,0.4737672181921908
655.067,2735,0.4737672181921908
655.234,1018,0.4737672181921908
655.331,1478,0.4737672181921908
655.383,1850,0.7598227858323541
655.525,1787,0.4737672181921908
655.549,2479,0.4737672181921908
655.678,945,0.4737672181921908
655.8539999999999,2079,0.4737672181921908
655.957,2131,0.4737672181921908
655.9960000000001,2027,0.4737672181921908
656.0980000000001,2980,0.4737672181921908
656.1089999999999,1111,0.4737672181921908
656.177,1715,0.4737672181921908
656.2610000000001,2186,0.4737672181921908
656.318,1159,0.4737672181921908
656.42,1020,0.4737672181921908
656.5310000000001,1091,0.4737672181921908
656.587,2249,0.4737672181921908
656.5989999999999,1793,0.4737672181921908
656.855,1145,0.4737672181921908
657.04,2531,0.4737672181921908
657.304,1828,0.4737672181921908
657.3580000000001,1320,0.4737672181921908
657.5369999999999,2829,0.4737672181921908
657.579,5230,0.9475344363843816
657.625,2191,0.4737672181921908
657.931,1389,0.4737672181921908
658.039,2020,0.4737672181921908
658.1010000000001,2357,0.4737672181921908
658.154,2713,0.30833985139722875
658.172,1490,0.4737672181921908
658.181,2983,0.4737672181921908
658.242,2721,0.4737672181921908
658.2919999999999,2943,0.4737672181921908
658.293,1030,0.4737672181921908
658.302,2723,0.4737672181921908
658.539,2885,0.4737672181921908
658.553,1893,0.4737672181921908
658.574,2862,0.4737672181921908
658.7139999999999,1292,0.5712301243604764
658.727,1555,0.4737672181921908
658.8689999999999,2493,0.9475344363843816
659.0260000000001,2793,0.843695179297443
659.0369999999999,2679,0.4737672181921908
659.047,2914,0.4737672181921908
659.059,2358,0.4737672181921908
659.159,2551,0.4737672181921908
659.163,2194,0.9765737890059656
659.2389999999999,2868,0.4737672181921908
659.322,1222,0.4737672181921908
659.419,973,0.4737672181921908
659.433,1413,0.4737672181921908
659.49,2707,0.4737672181921908
659.505,1392,0.4737672181921908
659.539,992,0.4737672181921908
659.573,1068,0.4737672181921908
659.602,1208,0.4737672181921908
659.78,2154,0.875
659.806,1323,0.4737672181921908
659.895,961,0.4737672181921908
660.132,2550,0.4737672181921908
660.326,1995,0.4737672181921908
660.341,924,0.4737672181921908
660.372,2999,0.4737672181921908
660.3810000000001,2397,0.4737672181921908
660.3989999999999,1432,0.4737672181921908
660.61,2900,0.4737672181921908
660.612,1375,0.4737672181921908
660.84,2651,0.4737672181921908
661.0139999999999,1813,0.4737672181921908
661.0189999999999,1262,0.9219751742898813
661.0310000000001,2220,0.4737672181921908
661.059,1873,0.4737672181921908
661.086,2076,0.6339823715736108
661.14,2496,0.4737672181921908
661.205,2676,0.9853239367312867
661.3639999999999,1096,0.4737672181921908
661.6339999999999,1475,0.7446499370496482
661.65,1671,0.6019210012841191
661.735,1410,0.4737672181921908
661.795,1932,0.4737672181921908
662.039,1698,0.4737672181921908
662.1239999999999,2685,0.4737672181921908
662.227,933,0.4737672181921908
662.3380000000001,1744,0.4737672181921908
662.3389999999999,2372,0.4737672181921908
662.4910000000001,2747,0.875
662.727,2273,0.4737672181921908
662.822,2182,0.4737672181921908
663.066,1317,0.4737672181921908
663.273,2303,0.4737672181921908
663.5989999999999,2264,0.4737672181921908
663.745,1895,0.4737672181921908
663.75,1854,0.4737672181921908
663.802,1224,0.4737672181921908
663.992,1835,0.4737672181921908
664.0139999999999,1242,0.6339823715736108
664.13,922,0.4737672181921908
664.2589999999999,2284,0.4737672181921908
664.2869999999999,1855,0.4737672181921908
664.321,914,0.7774501941322371
664.623,2523,0.4737672181921908
665.02,1394,0.4737672181921908
665.209,2875,0.4737672181921908
665.2289999999999,1184,0.4737672181921908
665.2669999999999,1251,0.4737672181921908
665.446,2563,0.4737672181921908
665.633,2867,0.4737672181921908
665.9010000000001,2718,0.4737672181921908
665.9630000000001,1799,0.4737672181921908
665.9760000000001,2931,0.4737672181921908
666.1239999999999,1216,0.4737672181921908
666.37,1074,0.44767845850986676
666.497,2937,0.4737672181921908
666.6060000000001,1169,0.4737672181921908
666.722,1858,0.4737672181921908
666.7919999999999,2541,0.4737672181921908
666.8760000000001,2177,0.4737672181921908
666.9639999999999,1705,0.4737672181921908
667.1289999999999,1756,0.8221427173203458
667.137,1335,0.4737672181921908
667.215,2946,0.4737672181921908
667.515,899,0.540442822163666
667.525,2365,0.4737672181921908
667.579,1272,0.9190122987588
667.815,1786,0.4737672181921908
667.905,1755,0.4737672181921908
668.1039999999999,1286,0.4737672181921908
668.29,2509,0.4737672181921908
668.415,2511,0.4737672181921908
668.773,1171,0.7058823529411765
668.924,1866,0.4737672181921908
668.927,2045,0.4737672181921908
668.9989999999999,1983,0.4737672181921908
669.2589999999999,2385,0.4737672181921908
669.812,1109,0.4737672181921908
669.972,1468,0.9654941567325178
670.1669999999999,2230,0.4737672181921908
670.192,2072,0.4737672181921908
670.449,2642,0.4737672181921908
670.59,1356,0.4737672181921908
670.812,2578,0.9640863310563157
670.929,1386,0.4737672181921908
671.153,1081,0.4737672181921908
671.312,1879,0.18970634749291626
671.3530000000001,1191,0.4737672181921908
671.375,1821,0.4737672181921908
671.419,1672,0.9654941567325178
671.471,2628,0.421874597530976
671.523,1047,0.4737672181921908
671.5269999999999,913,0.43306872945995945
671.748,1681,0.4737672181921908
671.872,2309,0.9499322625180527
671.8939999999999,1421,0.4737672181921908
671.938,1957,0.4737672181921908
672.025,1095,0.4737672181921908
672.0419999999999,2602,0.5338460312249933
672.051,2549,0.4737672181921908
672.1239999999999,2275,0.4737672181921908
672.17,2422,0.4737672181921908
672.173,2544,0.22042265487386947
672.194,2636,0.4737672181921908
672.2310000000001,1087,0.4737672181921908
672.314,1124,0.4737672181921908
672.388,1691,0.4737672181921908
672.419,2442,0.4737672181921908
672.451,1075,0.4737672181921908
672.452,2977,0.9512310711180733
672.5880000000001,1415,0.4737672181921908
672.725,2577,0.4737672181921908
672.7339999999999,1946,0.4737672181921908
672.819,1674,0.4737672181921908
672.821,1170,0.4737672181921908
672.9110000000001,2367,0.4737672181921908
673.035,1570,0.4737672181921908
673.135,1985,0.4737672181921908
673.168,2853,0.4737672181921908
673.24,2843,0.4737672181921908
673.2539999999999,1843,0.6979689574784225
673.279,2071,0.4737672181921908
673.3389999999999,1452,0.4737672181921908
673.41,2011,0.4737672181921908
673.495,1980,0.4737672181921908
673.5139999999999,2615,0.4737672181921908
673.518,2167,0.4737672181921908
673.52,1892,0.4737672181921908
673.559,2228,0.4737672181921908
673.6189999999999,2294,0.5477798471502847
673.63,1838,0.4737672181921908
673.725,2978,0.4737672181921908
673.797,2984,0.4737672181921908
673.807,2047,0.4737672181921908
673.808,2325,0.4737672181921908
673.819,2373,0.4737672181921908
673.8530000000001,965,0.7774501941322371
673.873,2137,0.4737672181921908
673.966,1539,0.9391417412618784
674.14,1600,0.4737672181921908
674.19,1859,0.843695179297443
674.243,2879,0.4737672181921908
674.2810000000001,2307,0.4737672181921908
674.337,1948,0.4737672181921908
674.3389999999999,2262,0.4737672181921908
674.433,1005,0.4737672181921908
674.466,2406,0.4737672181921908
674.49,1871,0.4737672181921908
674.4989999999999,2779,0.4737672181921908
674.623,2653,0.4737672181921908
674.6389999999999,1225,0.4737672181921908
674.668,2897,0.4737672181921908
674.791,1278,0.4737672181921908
674.8389999999999,2448,0.4737672181921908
674.85,1575,0.4737672181921908
674.8589999999999,1233,0.4737672181921908
674.8739999999999,4632,1.4235318499283915
674.8989999999999,2727,0.4737672181921908
674.919,2540,0.4737672181921908
674.939,2809,0.4737672181921908
674.944,1882,0.4737672181921908
674.954,2626,0.4737672181921908
674.995,2522,0.4737672181921908
675.03,1633,0.4737672181921908
675.091,934,0.4737672181921908
675.0980000000001,2552,0.4737672181921908
675.1089999999999,2556,0.4941421235694987
675.1260000000001,1520,0.4737672181921908
675.179,1228,0.4737672181921908
675.203,2542,0.4737672181921908
675.212,1692,0.4737672181921908
675.235,2828,0.4737672181921908
675.237,2193,0.4737672181921908
675.278,1788,0.4737672181921908
675.2819999999999,2237,0.42727272727272725
675.2919999999999,2974,0.4737672181921908
675.423,2722,0.4737672181921908
675.442,2621,0.4737672181921908
675.47,1901,0.4737672181921908
675.5219999999999,1057,0.4737672181921908
675.6060000000001,1907,0.9475344363843816
675.6189999999999,1587,0.4737672181921908
675.681,2190,0.4737672181921908
675.698,2361,0.4737672181921908
675.703,1138,0.4737672181921908
675.706,1546,0.4737672181921908
675.7080000000001,2520,0.4737672181921908
675.7189999999999,983,0.4737672181921908
675.919,2246,0.4737672181921908
675.95,959,0.4737672181921908
676.067,2880,0.4737672181921908
676.08,1440,0.4737672181921908
676.084,2093,0.4737672181921908
676.125,1497,0.4737672181921908
676.159,1746,0.4737672181921908
676.199,4558,0.9475344363843816
676.2330000000001,1840,0.4737672181921908
676.2389999999999,2567,0.4737672181921908
676.273,2153,0.4737672181921908
676.3,1824,0.4737672181921908
676.329,1934,0.4737672181921908
676.405,1218,0.4737672181921908
676.41,1259,0.4737672181921908
676.4169999999999,1608,0.4737672181921908
676.454,2267,0.4737672181921908
676.51,2588,0.4737672181921908
676.558,1284,0.4737672181921908
676.5989999999999,2950,0.4737672181921908
676.632,1176,0.4737672181921908
676.7589999999999,2697,0.4737672181921908
676.779,2949,0.4737672181921908
676.8480000000001,2094,0.4737672181921908
676.88,1158,0.4737672181921908
676.8839999999999,2032,0.4737672181921908
676.9010000000001,2359,0.9974513509087345
676.97,1456,0.4737672181921908
676.9780000000001,2611,0.4737672181921908
677.028,2701,0.7500624229391235
677.0319999999999,1045,0.4737672181921908
677.138,1502,0.4737672181921908
677.1389999999999,3321,0.9475344363843816
677.155,2300,0.9951081081585105
677.247,2040,0.4737672181921908
677.253,2474,0.4737672181921908
677.38,1604,0.4737672181921908
677.404,1132,0.4737672181921908
677.487,2135,0.4737672181921908
677.4960000000001,1290,0.4737672181921908
677.5160000000001,1481,0.4737672181921908
677.5269999999999,1340,0.4737672181921908
677.64,2605,0.4737672181921908
677.675,2160,0.4737672181921908
677.68,2260,0.4737672181921908
677.705,1927,0.4737672181921908
677.7280000000001,944,0.7692307692307692
677.743,1605,0.4737672181921908
677.805,1106,0.4737672181921908
677.9689999999999,1921,0.4737672181921908
677.9910000000001,2090,0.4737672181921908
678.0110000000001,1579,0.4737672181921908
678.03,1528,0.4737672181921908
678.051,1612,0.4737672181921908
678.079,1597,0.4737672181921908
678.2810000000001,1757,0.4737672181921908
678.313,2210,0.4737672181921908
678.315,2497,0.4737672181921908
678.377,14686,4.737672181921909
678.3889999999999,1660,0.4737672181921908
678.4169999999999,1648,0.4737672181921908
678.426,2792,0.4737672181921908
678.452,2368,0.4737672181921908
678.507,1429,0.4737672181921908
678.582,1915,0.4737672181921908
678.618,2179,0.4737672181921908
678.6419999999999,1134,0.4737672181921908
678.6510000000001,2987,0.4737672181921908
678.659,1580,0.4737672181921908
678.738,1282,0.4737672181921908
678.773,2733,0.4737672181921908
678.788,2231,0.4737672181921908
678.79,2768,0.4737672181921908
678.816,2060,0.9622762391168818
678.8330000000001,1031,0.4737672181921908
678.8389999999999,2338,0.4737672181921908
678.846,2583,0.4737672181921908
678.8589999999999,2668,0.4737672181921908
678.9119999999999,2008,0.4737672181921908
678.914,1033,0.4737672181921908
678.921,1639,0.4737672181921908
678.922,1032,0.4737672181921908
678.948,2139,0.4737672181921908
678.9789999999999,1052,0.4737672181921908
679.0139999999999,2533,0.4737672181921908
679.1619999999999,1336,0.4737672181921908
679.179,2741,0.4737672181921908
679.206,2572,0.4737672181921908
679.23,1860,0.4737672181921908
679.2510000000001,4165,0.9475344363843816
679.319,1861,0.4737672181921908
679.341,2954,0.9114840025112322
679.438,2803,0.4737672181921908
679.4989999999999,1960,0.4737672181921908
679.53,2320,0.4737672181921908
679.683,2096,0.4737672181921908
679.701,982,0.4737672181921908
679.74,1702,0.875
679.752,1365,0.4737672181921908
679.763,2831,0.4737672181921908
679.779,1776,0.4737672181921908
679.805,1817,0.4737672181921908
679.827,2095,0.4737672181921908
679.916,2495,0.4737672181921908
679.939,2151,0.4737672181921908
679.961,1978,0.4737672181921908
679.966,1814,0.4737672181921908
679.9789999999999,1524,0.4737672181921908
679.9960000000001,1058,0.4737672181921908
680.0139999999999,1522,0.44767845850986676
680.05,977,0.4737672181921908
680.08,1414,0.4737672181921908
680.0830000000001,1759,0.4737672181921908
680.125,2640,0.4737672181921908
680.132,1899,0.4737672181921908
680.1339999999999,2348,0.4737672181921908
680.155,2037,0.4737672181921908
680.168,1959,0.4737672181921908
680.295,2759,0.4737672181921908
680.3510000000001,1949,0.6923786120385603
680.372,1803,0.4737672181921908
680.375,1839,0.4737672181921908
680.3789999999999,1563,0.4737672181921908
680.3960000000001,1301,0.4737672181921908
680.3989999999999,2366,0.4737672181921908
680.435,2298,0.4737672181921908
680.4989999999999,987,0.24824202042006627
680.5089999999999,1026,0.4737672181921908
680.577,2705,0.7884161543006842
680.579,1491,0.4737672181921908
680.6160000000001,2566,0.4737672181921908
680.6339999999999,1309,0.4737672181921908
680.6519999999999,1226,0.4737672181921908
680.659,2498,0.4737672181921908
680.668,2007,0.4737672181921908
680.676,2559,0.4737672181921908
680.677,4100,0.9475344363843816
680.701,1564,0.4737672181921908
680.702,2248,0.4737672181921908
680.7310000000001,1217,0.4737672181921908
680.753,2905,0.4737672181921908
680.7589999999999,1261,0.7337475865628486
680.775,1661,0.4737672181921908
680.82,2311,0.4737672181921908
680.824,2383,0.4737672181921908
680.951,2940,0.4737672181921908
680.967,1920,0.4737672181921908
680.9810000000001,2050,0.4737672181921908
681.03,2915,0.4737672181921908
681.074,1918,0.4737672181921908
681.097,2304,0.4737672181921908
681.1110000000001,1535,0.4737672181921908
681.117,2635,0.4737672181921908
681.1669999999999,1092,0.6934882437943684
681.203,2132,0.4737672181921908
681.2339999999999,2353,0.4737672181921908
681.28,1538,0.4737672181921908
681.305,1299,0.4737672181921908
681.332,1279,0.4737672181921908
681.383,2208,0.4737672181921908
681.3989999999999,1602,0.4737672181921908
681.454,1400,0.4737672181921908
681.459,2881,0.4737672181921908
681.578,1987,0.4737672181921908
681.584,2998,0.4737672181921908
681.605,1009,0.4737672181921908
681.6189999999999,1380,0.4737672181921908
681.637,1329,0.4737672181921908
681.64,2243,0.4737672181921908
681.7389999999999,1937,0.4737672181921908
681.7460000000001,2539,0.4737672181921908
681.799,1641,0.7337475865628486
681.809,2622,0.4737672181921908
681.8430000000001,2794,0.4737672181921908
681.882,2860,0.4737672181921908
681.8989999999999,2276,0.4737672181921908
681.98,2104,0.4737672181921908
681.998,2890,0.4737672181921908
682.0189999999999,2561,0.4737672181921908
682.023,2053,0.4737672181921908
682.038,2457,0.4737672181921908
682.1210000000001,986,0.4737672181921908
682.132,1108,0.4737672181921908
682.137,1687,0.4737672181921908
682.168,2022,0.4737672181921908
682.176,2254,0.4737672181921908
682.178,1211,0.4737672181921908
682.194,1351,0.4737672181921908
682.2360000000001,1337,0.4737672181921908
682.2589999999999,2013,0.4737672181921908
682.2760000000001,1017,0.4737672181921908
682.3589999999999,1529,0.4737672181921908
682.367,2259,0.9219751742898813
682.373,1072,0.4737672181921908
682.4789999999999,2797,0.4737672181921908
682.4989999999999,2161,0.4737672181921908
682.566,2203,0.4737672181921908
682.582,2494,0.4737672181921908
682.6189999999999,2085,0.4737672181921908
682.6210000000001,1141,0.4737672181921908
682.6310000000001,1845,0.4737672181921908
682.7389999999999,2082,0.4737672181921908
682.7860000000001,3878,0.9475344363843816
682.834,1050,0.5
682.8580000000001,2454,0.4737672181921908
682.8589999999999,1916,0.4737672181921908
682.8989999999999,1462,0.4737672181921908
682.9169999999999,2221,0.4737672181921908
682.928,1614,0.4737672181921908
682.93,2606,0.4737672181921908
682.95,2739,0.4737672181921908
682.9760000000001,1328,0.4737672181921908
682.9789999999999,1236,0.4737672181921908
682.993,1771,0.4737672181921908
683.012,2466,0.4737672181921908
683.03,1016,0.843695179297443
683.048,2305,0.4737672181921908
683.082,1207,0.4737672181921908
683.1110000000001,1625,0.4737672181921908
683.123,1518,0.7727272727272727
683.1289999999999,958,0.7336666034301437
683.13,1628,0.999858172116543
683.1389999999999,2688,0.4737672181921908
683.2239999999999,1519,0.4737672181921908
683.243,1862,0.4737672181921908
683.268,2517,0.4737672181921908
683.298,1713,0.4737672181921908
683.327,2630,0.4737672181921908
683.438,3187,0.9475344363843816
683.465,1056,0.4737672181921908
683.4989999999999,1046,0.4737672181921908
683.534,1740,0.3104160936911723
683.613,2638,0.4737672181921908
683.658,2886,0.4737672181921908
683.663,2471,0.4737672181921908
683.691,2553,0.7499999999999999
683.7280000000001,2988,0.4737672181921908
683.7669999999999,1023,0.4737672181921908
683.7739999999999,1638,0.4737672181921908
683.795,1121,0.4737672181921908
683.799,1626,0.4737672181921908
683.8330000000001,2073,0.4737672181921908
683.84,2390,0.7407606346444052
683.857,2581,0.4737672181921908
683.8689999999999,2068,0.4737672181921908
683.8789999999999,2329,0.4737672181921908
683.8939999999999,2102,0.4737672181921908
683.908,2674,0.4737672181921908
683.949,2281,0.4737672181921908
684.02,1231,0.4737672181921908
684.04,1783,0.875
684.044,1396,0.4737672181921908
684.058,1252,0.4737672181921908
684.064,2799,0.4737672181921908
684.102,2380,0.4737672181921908
684.173,1055,0.4737672181921908
684.187,2750,0.4737672181921908
684.188,2412,0.4737672181921908
684.196,2976,0.7500624229391235
684.212,2482,0.4737672181921908
684.222,1997,0.4737672181921908
684.279,2493,0.4737672181921908
684.302,2342,0.4737672181921908
684.3330000000001,1621,0.4737672181921908
684.3510000000001,1431,0.4737672181921908
684.404,2795,0.4737672181921908
684.421,2963,0.4737672181921908
684.431,1847,0.4737672181921908
684.439,1569,0.08952110166374572
684.472,1908,0.4737672181921908
684.4730000000001,2698,0.4737672181921908
684.5169999999999,1458,0.4737672181921908
684.579,1319,0.4737672181921908
684.6419999999999,2384,0.4737672181921908
684.6489999999999,2222,0.4737672181921908
684.7260000000001,2339,0.4737672181921908
684.7310000000001,1876,0.4737672181921908
684.8580000000001,1525,0.4737672181921908
684.985,2381,0.4737672181921908
684.99,1027,0.4737672181921908
685.0189999999999,935,0.4737672181921908
685.0889999999999,1441,0.4737672181921908
685.14,1311,0.5
685.1469999999999,1454,0.4737672181921908
685.1560000000001,1002,0.4737672181921908
685.193,2755,0.4737672181921908
685.2,1846,0.4737672181921908
685.2460000000001,1083,0.4737672181921908
685.2669999999999,1308,0.5
685.302,1244,0.4737672181921908
685.305,2800,0.4737672181921908
685.3389999999999,1359,0.4737672181921908
685.3639999999999,2500,0.4737672181921908
685.419,2069,0.4737672181921908
685.421,1142,0.4737672181921908
685.4739999999999,2690,0.4737672181921908
685.5,1487,0.4737672181921908
685.5189999999999,2016,0.4737672181921908
685.5419999999999,2092,0.5
685.564,1370,0.4737672181921908
685.571,1253,0.4737672181921908
685.6560000000001,4587,0.9475344363843816
685.6669999999999,2083,0.9475344363843816
685.684,1346,0.4737672181921908
685.689,1688,0.4737672181921908
685.706,1785,0.4737672181921908
685.727,2035,0.4737672181921908
685.7389999999999,2751,0.4737672181921908
685.7860000000001,2108,0.4737672181921908
685.81,1254,0.4737672181921908
685.8530000000001,939,0.4737672181921908
685.8739999999999,1082,0.4737672181921908
685.9580000000001,2573,0.4737672181921908
686.06,2206,0.4737672181921908
686.068,2703,0.4737672181921908
686.071,1848,0.4737672181921908
686.072,2239,0.4734776023452153
686.168,1802,0.4737672181921908
686.175,2801,0.4737672181921908
686.182,1133,0.4737672181921908
686.2589999999999,1185,0.9005911035821151
686.337,1227,0.4737672181921908
686.39,2083,0.74879193771251
686.425,956,0.4737672181921908
686.431,2217,0.4737672181921908
686.433,1680,0.4737672181921908
686.4760000000001,2909,0.4737672181921908
686.508,1762,0.4737672181921908
686.52,2686,0.4737672181921908
686.66,997,0.4737672181921908
686.763,2308,0.4737672181921908
686.832,2849,0.4737672181921908
686.8480000000001,1809,0.4737672181921908
686.9,4842,1.4213016545765724
686.939,2107,0.8630530555797126
686.946,4985,1.4213016545765724
687.008,10896,4.061011697950157
688.0,10865,4.124610110620659
