,0,,,,,,,,x,y
0,7月25日,5496,5496,5496,,,,,0,134.7711411
1,7月26日,13293,18789,18789,,,,,0.002,0.978096529
2,7月27日,17692,36481,36481,,,,,0.004,1.499360111
3,7月28日,7751,44232,44232,,,,,0.005,1.848509989
4,7月29日,1816,46048,46048,,,,,0.01,1.166695267
5,7月30日,74,46122,46122,,,,,0.015,0.391383654
6,7月31日,38,46160,46160,,,,,0.019,0.995776661
7,8月1日,81,46241,46241,,,,,0.02,0.973767218
8,8月2日,32,46273,46273,,,,,0.021,1.432547248
9,8月3日,8,46281,46281,,,,,0.022,0.841405026
10,8月4日,20,46301,46301,,,,,0.023,0.990261074
11,8月5日,2,46303,46303,,,,,0.025,1.758315757
12,8月6日,10,46313,46313,,,,,0.026,0.91763614
13,8月7日,14,46327,46327,,,,,0.028,0.973767218
14,8月8日,12,46339,46339,,,,,0.037,0.717550342
15,8月9日,12,46351,46351,,,,,0.04,0.999996595
16,8月10日,13,46364,46364,,,,,0.045,0.609920055
17,8月11日,9,46373,46373,,,,,0.05,0.363076424
18,8月12日,11,46384,46384,,,,,0.058,0.473767218
19,8月13日,4,46388,46388,,,,,0.063,0.473767218
20,8月14日,5,46393,46393,,,,,0.065,0.996407646
21,8月15日,4,46397,46397,,,,,0.071,0.830570448
22,8月16日,9,46406,46406,,,,,0.074,0.73365019
23,8月17日,4,46410,46410,,,,,0.095,0.473767218
24,8月18日,12,46422,46422,,,,,0.099,0.298648649
25,8月19日,5,46427,46427,,,,,0.103,0.843695179
26,8月20日,4,46431,46431,,,,,0.105,0.998808542
27,8月21日,2,46433,46433,,,,,0.106,1.320308227
28,8月22日,1,46434,46434,,,,,0.108,1.439472739
29,8月23日,0,46434,46434,,,,,0.11,0.625
30,8月24日,0,46434,46434,,,,,0.113,0.909601849
31,8月25日,2,46436,46436,,,,,0.114,1.172555828
,,,,,,,,,0.119,0.877968456
,,,,,,,,,0.145,1.392204118
,,,,,,,,,0.149,0.356769829
,,,,,,,,,0.155,0.447678459
,,,,,,,,,0.159,0.753901246
,,,,,,,,,0.165,1.642942217
,,,,,,,,,0.182,0.162207404
,,,,,,,,,0.185,0.947534436
,,,,,,,,,0.186,0.96797374
,,,,,,,,,0.193,0.473767218
,,,,,,,,,0.194,0.473767218
,,,,,,,,,0.204,0.473767218
,,,,,,,,,0.205,0.456734631
,,,,,,,,,0.206,0.473767218
,,,,,,,,,0.22,0.801104697
,,,,,,,,,0.225,1.265838469
,,,,,,,,,0.233,0.16250523
,,,,,,,,,0.245,0.473767218
,,,,,,,,,0.246,0.473767218
,,,,,,,,,0.252,1.463733015
,,,,,,,,,0.255,0.858814517
,,,,,,,,,0.256,0.895319167
,,,,,,,,,0.261,0.473767218
,,,,,,,,,0.263,0.920746465
,,,,,,,,,0.265,2.765138594
,,,,,,,,,0.276,0.750062423
,,,,,,,,,0.277,0.697194647
,,,,,,,,,0.278,0.843695179
,,,,,,,,,0.282,0.863053056
,,,,,,,,,0.283,0.794597261
,,,,,,,,,0.284,0.367424321
,,,,,,,,,0.285,0.473767218
,,,,,,,,,0.286,0.5
,,,,,,,,,0.289,0.526232782
,,,,,,,,,0.291,0.901827144
,,,,,,,,,0.305,0.70953619
,,,,,,,,,0.343,0.974066029
,,,,,,,,,0.49,0.362418425
,,,,,,,,,0.585,0.160002228
,,,,,,,,,0.677,0.187376596
,,,,,,,,,0.705,0.957810652
,,,,,,,,,0.845,0.999996286
,,,,,,,,,0.893,0.94738502
,,,,,,,,,0.932,0.578895795
,,,,,,,,,0.945,0.219370664
,,,,,,,,,0.979,0.473767218
,,,,,,,,,1.008,0.526232782
,,,,,,,,,1.02,0.46434874
,,,,,,,,,1.166,0.137517838
,,,,,,,,,1.176,1.503414444
,,,,,,,,,1.353,0.870362069
,,,,,,,,,1.404,0.473767218
,,,,,,,,,1.503,0.473767218
,,,,,,,,,1.593,0.367424321
,,,,,,,,,1.595,0.999969278
,,,,,,,,,1.676,0.315714479
,,,,,,,,,1.698,0.5
,,,,,,,,,1.699,0.850001507
,,,,,,,,,1.825,0.997937095
,,,,,,,,,1.92,0.544345633
,,,,,,,,,2.087,0.610887441
,,,,,,,,,2.145,0.113747713
,,,,,,,,,2.259,0.476804124
,,,,,,,,,2.419,0.998693219
,,,,,,,,,2.426,0.280145998
,,,,,,,,,2.427,0.336248188
,,,,,,,,,2.725,0.999981627
,,,,,,,,,2.761,0.826086957
,,,,,,,,,2.776,0.5
,,,,,,,,,3.225,0.473767218
,,,,,,,,,3.545,0.473767218
,,,,,,,,,3.559,0.75
,,,,,,,,,3.598,0.473767218
,,,,,,,,,3.991,0.339951681
,,,,,,,,,4.002,0.843695179
,,,,,,,,,4.028,0.977167435
,,,,,,,,,4.15,0.655862821
,,,,,,,,,4.249,0.946338409
,,,,,,,,,4.294,0.770610096
,,,,,,,,,4.34,0.729795391
,,,,,,,,,4.539,0.526232782
,,,,,,,,,4.743,0.473767218
,,,,,,,,,4.963,0.98388808
,,,,,,,,,5.022,0.562984597
,,,,,,,,,5.099,0.970944267
,,,,,,,,,5.299,0.909601849
,,,,,,,,,5.431,0.473767218
,,,,,,,,,5.45,0.573452458
,,,,,,,,,5.579,0.803810711
,,,,,,,,,5.619,0.473767218
,,,,,,,,,5.699,0.126723241
,,,,,,,,,5.855,0.5
,,,,,,,,,6.137,0.635429541
,,,,,,,,,6.335,0.473767218
,,,,,,,,,6.415,0.993984399
,,,,,,,,,6.459,0.828649949
,,,,,,,,,6.524,0.5
,,,,,,,,,6.642,0.5
,,,,,,,,,6.921,0.904761905
,,,,,,,,,6.979,0.807936477
,,,,,,,,,7.197,0.999864605
,,,,,,,,,7.306,0.621061745
,,,,,,,,,7.479,0.368031125
,,,,,,,,,7.583,1.089151834
,,,,,,,,,7.664,0.843695179
,,,,,,,,,8.119,0.473767218
,,,,,,,,,8.299,0.615208075
,,,,,,,,,8.392,0.5
,,,,,,,,,8.692,0.99920177
,,,,,,,,,8.711,0.297875297
,,,,,,,,,9.426,0.473767218
,,,,,,,,,9.548,0.473767218
,,,,,,,,,9.748,0.473767218
,,,,,,,,,10.049,0.473767218
,,,,,,,,,10.073,0.473767218
,,,,,,,,,10.339,0.473767218
,,,,,,,,,10.351,0.631673951
,,,,,,,,,10.762,0.258849813
,,,,,,,,,10.795,0.473767218
,,,,,,,,,10.874,0.473767218
,,,,,,,,,10.947,0.473767218
,,,,,,,,,10.979,0.473767218
,,,,,,,,,11.017,0.750062423
,,,,,,,,,11.019,0.5
,,,,,,,,,11.139,0.473767218
,,,,,,,,,11.305,0.473767218
,,,,,,,,,11.625,0.143392411
,,,,,,,,,11.641,0.473767218
,,,,,,,,,11.658,0.473767218
,,,,,,,,,12.423,0.473767218
,,,,,,,,,12.906,0.473767218
,,,,,,,,,13.082,0.473767218
,,,,,,,,,13.579,0.5
,,,,,,,,,13.62,0.473767218
,,,,,,,,,13.882,0.750062423
,,,,,,,,,14.452,0.473767218
,,,,,,,,,14.659,0.473767218
,,,,,,,,,14.673,0.447678459
,,,,,,,,,14.939,0.526232782
,,,,,,,,,15.072,0.473767218
,,,,,,,,,15.12,0.473767218
,,,,,,,,,15.418,0.473767218
,,,,,,,,,15.459,0.473767218
,,,,,,,,,15.485,0.803110875
,,,,,,,,,15.517,0.526232782
,,,,,,,,,15.699,0.473767218
,,,,,,,,,15.778,0.5
,,,,,,,,,15.818,0.5
,,,,,,,,,15.839,0.473767218
,,,,,,,,,15.957,0.473767218
,,,,,,,,,16.233,0.473767218
,,,,,,,,,16.379,0.843695179
,,,,,,,,,16.479,0.8
,,,,,,,,,16.939,1.944811898
,,,,,,,,,17.05,0.473767218
,,,,,,,,,17.189,0.473767218
,,,,,,,,,17.502,0.473767218
,,,,,,,,,17.681,0.473767218
,,,,,,,,,17.799,0.473767218
,,,,,,,,,18.126,0.473767218
,,,,,,,,,18.139,0.473767218
,,,,,,,,,18.458,0.473767218
,,,,,,,,,18.459,0.473767218
,,,,,,,,,18.579,0.999789639
,,,,,,,,,18.585,0.473767218
,,,,,,,,,18.642,0.473767218
,,,,,,,,,18.765,0.473767218
,,,,,,,,,18.879,0.843695179
,,,,,,,,,19.019,0.473767218
,,,,,,,,,19.85,0.473767218
,,,,,,,,,19.954,0.854056104
,,,,,,,,,20.177,0.473767218
,,,,,,,,,20.419,0.473767218
,,,,,,,,,20.739,0.971504448
,,,,,,,,,20.939,0.473767218
,,,,,,,,,20.999,0.634048304
,,,,,,,,,21.553,0.473767218
,,,,,,,,,22.059,0.473767218
,,,,,,,,,22.099,0.473767218
,,,,,,,,,22.782,0.473767218
,,,,,,,,,22.804,0.473767218
,,,,,,,,,23.022,0.95174827
,,,,,,,,,23.286,0.473767218
,,,,,,,,,23.305,0.473767218
,,,,,,,,,23.599,0.473767218
,,,,,,,,,23.761,0.44599044
,,,,,,,,,23.939,0.473767218
,,,,,,,,,24.201,0.473767218
,,,,,,,,,24.203,0.688372771
,,,,,,,,,24.68,0.473767218
,,,,,,,,,24.694,0.473767218
,,,,,,,,,24.819,0.473767218
,,,,,,,,,25.233,0.473767218
,,,,,,,,,25.297,0.473767218
,,,,,,,,,25.31,0.458597949
,,,,,,,,,25.564,0.473767218
,,,,,,,,,25.699,0.473767218
,,,,,,,,,26.037,0.473767218
,,,,,,,,,26.039,0.473767218
,,,,,,,,,26.295,0.473767218
,,,,,,,,,26.791,0.5
,,,,,,,,,26.822,0.473767218
,,,,,,,,,26.997,0.473767218
,,,,,,,,,27.172,0.473767218
,,,,,,,,,27.283,0.473767218
,,,,,,,,,27.299,0.27078071
,,,,,,,,,27.379,0.473767218
,,,,,,,,,27.498,0.473767218
,,,,,,,,,27.594,0.473767218
,,,,,,,,,27.774,0.473767218
,,,,,,,,,28.259,0.473767218
,,,,,,,,,28.299,0.875
,,,,,,,,,28.382,0.671717172
,,,,,,,,,28.53,0.473767218
,,,,,,,,,28.539,0.473767218
,,,,,,,,,28.768,0.473767218
,,,,,,,,,29.034,0.473767218
,,,,,,,,,29.073,0.473767218
,,,,,,,,,29.158,0.535714286
,,,,,,,,,29.736,0.473767218
,,,,,,,,,30.068,0.473767218
,,,,,,,,,30.23,0.473767218
,,,,,,,,,30.838,0.473767218
,,,,,,,,,30.859,0.473767218
,,,,,,,,,30.913,0.023209547
,,,,,,,,,31.236,0.473767218
,,,,,,,,,31.538,0.473767218
,,,,,,,,,31.581,0.959632877
,,,,,,,,,31.742,0.999949746
,,,,,,,,,31.978,0.473767218
,,,,,,,,,32.002,0.473767218
,,,,,,,,,32.57,0.473767218
,,,,,,,,,32.899,0.347790517
,,,,,,,,,32.939,0.473767218
,,,,,,,,,33.008,0.473767218
,,,,,,,,,33.422,0.949231734
,,,,,,,,,33.787,0.473767218
,,,,,,,,,33.922,0.473767218
,,,,,,,,,34.006,0.473767218
,,,,,,,,,34.269,0.820453311
,,,,,,,,,34.332,0.473767218
,,,,,,,,,34.961,0.473767218
,,,,,,,,,35,0.5
,,,,,,,,,35.037,0.473767218
,,,,,,,,,36.218,0.473767218
,,,,,,,,,36.283,0.473767218
,,,,,,,,,36.399,0.975156424
,,,,,,,,,36.719,0.473767218
,,,,,,,,,37.064,0.473767218
,,,,,,,,,37.579,0.473767218
,,,,,,,,,37.986,0.473767218
,,,,,,,,,38.405,0.473767218
,,,,,,,,,38.442,0.473767218
,,,,,,,,,40.381,0.252981505
,,,,,,,,,41.383,0.473767218
,,,,,,,,,41.705,0.473767218
,,,,,,,,,43.736,0.321936842
,,,,,,,,,44.002,0.843695179
,,,,,,,,,44.119,0.526232782
,,,,,,,,,44.737,0.473767218
,,,,,,,,,45.002,0.473767218
,,,,,,,,,45.125,0.473767218
,,,,,,,,,46,0.5
,,,,,,,,,47.185,0.473767218
,,,,,,,,,48.255,0.473767218
,,,,,,,,,48.319,0.473767218
,,,,,,,,,48.351,0.473767218
,,,,,,,,,48.74,0.473767218
,,,,,,,,,49.182,0.473767218
,,,,,,,,,49.319,0.473767218
,,,,,,,,,49.461,0.544345633
,,,,,,,,,50.037,0.833841149
,,,,,,,,,53.017,0.473767218
,,,,,,,,,53.158,0.998737515
,,,,,,,,,53.273,0.990767801
,,,,,,,,,53.721,0.984553688
,,,,,,,,,53.875,0.960766085
,,,,,,,,,54.705,0.778348819
,,,,,,,,,55.591,0.045976004
,,,,,,,,,56.929,0.617725685
,,,,,,,,,58.392,1
,,,,,,,,,58.736,0.473767218
,,,,,,,,,58.896,0.473767218
,,,,,,,,,59.227,0.526232782
,,,,,,,,,59.563,0.473767218
,,,,,,,,,59.738,0.473767218
,,,,,,,,,60.98,0.615384615
,,,,,,,,,61.606,0.473767218
,,,,,,,,,62.566,0.473767218
,,,,,,,,,62.87,0.473767218
,,,,,,,,,63.114,0.232126852
,,,,,,,,,63.638,0.619820061
,,,,,,,,,64.867,0.473767218
,,,,,,,,,68.236,0.473767218
,,,,,,,,,71.317,0.473767218
,,,,,,,,,71.867,0.872876398
,,,,,,,,,72.693,0.473767218
,,,,,,,,,74.633,0.357814258
,,,,,,,,,76.056,0.471505267
,,,,,,,,,78.563,0.999066388
,,,,,,,,,78.637,0.56915076
,,,,,,,,,79.728,0.473767218
,,,,,,,,,80.37,0.99876049
,,,,,,,,,81.306,0.79190772
,,,,,,,,,82.724,0.473767218
,,,,,,,,,82.78,0.957525846
,,,,,,,,,83.086,0.812170191
,,,,,,,,,83.299,0.974343339
,,,,,,,,,84.42,0.473767218
,,,,,,,,,87.105,0.985595506
,,,,,,,,,89.109,0.473767218
,,,,,,,,,93.314,0.772727273
,,,,,,,,,94.677,0.14008973
,,,,,,,,,99.077,0.473767218
,,,,,,,,,100.629,0.473767218
,,,,,,,,,101.591,0.983023269
,,,,,,,,,103.485,0.912558489
,,,,,,,,,104.719,0.806826961
,,,,,,,,,105.653,0.843695179
,,,,,,,,,107.29,0.99876049
,,,,,,,,,107.63,0.292146875
,,,,,,,,,111.473,0.281538278
,,,,,,,,,116.499,0.774348615
,,,,,,,,,118.487,0.473767218
,,,,,,,,,118.521,0.814583149
,,,,,,,,,119.629,0.168316832
,,,,,,,,,119.676,0.168316832
,,,,,,,,,119.897,0.168316832
,,,,,,,,,120.745,0.168316832
,,,,,,,,,121.377,0.545157619
,,,,,,,,,122.377,0.175955996
,,,,,,,,,122.459,0.168316832
,,,,,,,,,123.382,0.168316832
,,,,,,,,,123.888,0.353500898
,,,,,,,,,124.858,0.276661496
,,,,,,,,,126.938,0.168316832
,,,,,,,,,127.047,0.527073145
,,,,,,,,,127.999,0.047287845
,,,,,,,,,128.037,0.168316832
,,,,,,,,,128.577,0.168316832
,,,,,,,,,128.701,0.178659939
,,,,,,,,,129.015,0.05714852
,,,,,,,,,129.019,0.299720947
,,,,,,,,,129.803,0.168316832
,,,,,,,,,132.137,0.391087594
,,,,,,,,,133.699,0.311639725
,,,,,,,,,134.681,0.222703117
,,,,,,,,,140.415,0.986676249
,,,,,,,,,142.583,0.222703117
,,,,,,,,,149.194,0.168316832
,,,,,,,,,150.819,0.854449521
,,,,,,,,,151.494,0.728335189
,,,,,,,,,152.198,0.990642377
,,,,,,,,,152.605,0.473767218
,,,,,,,,,154.238,0.5
,,,,,,,,,157.217,0.211930688
,,,,,,,,,157.79,0.545157619
,,,,,,,,,158.974,0.026131316
,,,,,,,,,159.339,0.545157619
,,,,,,,,,160.42,0.571053717
,,,,,,,,,162.205,0.315253156
,,,,,,,,,162.499,0.460390213
,,,,,,,,,163.995,0.995726987
,,,,,,,,,164.647,0.977900593
,,,,,,,,,165.439,0.519014939
,,,,,,,,,167.81,0.008148161
,,,,,,,,,171.509,0.986793499
,,,,,,,,,171.888,0.5
,,,,,,,,,172.264,0.5
,,,,,,,,,173.097,0.359649123
,,,,,,,,,174.239,0.473767218
,,,,,,,,,174.512,0.01470685
,,,,,,,,,176.539,0.490750145
,,,,,,,,,179.046,0.961179356
,,,,,,,,,179.139,0.473767218
,,,,,,,,,181.365,0.5
,,,,,,,,,181.395,0.473767218
,,,,,,,,,182.167,0.900672425
,,,,,,,,,182.479,0.740911092
,,,,,,,,,182.74,0.753901246
,,,,,,,,,182.939,0.797498574
,,,,,,,,,183.42,0.394389678
,,,,,,,,,183.904,0.780699521
,,,,,,,,,185.385,0.240224679
,,,,,,,,,185.823,0.42969324
,,,,,,,,,186.188,0.5
,,,,,,,,,186.435,0.473767218
,,,,,,,,,186.939,0.239162281
,,,,,,,,,187.37,0.414522014
,,,,,,,,,187.822,0.5
,,,,,,,,,188.135,0.497250923
,,,,,,,,,188.786,0.988937043
,,,,,,,,,188.979,0.325744308
,,,,,,,,,189.819,0.75053712
,,,,,,,,,192.019,0.473767218
,,,,,,,,,193.66,0.611650485
,,,,,,,,,194.897,0.241321866
,,,,,,,,,194.978,0.44308237
,,,,,,,,,195.277,0.195651914
,,,,,,,,,195.344,0.711368041
,,,,,,,,,195.751,0.308867299
,,,,,,,,,195.79,0.473767218
,,,,,,,,,196.669,0.396368781
,,,,,,,,,197.193,0.473767218
,,,,,,,,,197.249,0.607102369
,,,,,,,,,198.465,0.5
,,,,,,,,,199.985,0.5
,,,,,,,,,200.299,0.890142453
,,,,,,,,,200.494,0.473767218
,,,,,,,,,200.958,0.473767218
,,,,,,,,,201.519,0.728990958
,,,,,,,,,202.219,0.241321866
,,,,,,,,,202.553,0.868421053
,,,,,,,,,202.652,0.276530124
,,,,,,,,,202.78,0.507293122
,,,,,,,,,202.839,0.824849806
,,,,,,,,,203.546,0.26829589
,,,,,,,,,204.259,0.973119565
,,,,,,,,,206.383,0.406993556
,,,,,,,,,206.615,0.526232782
,,,,,,,,,207.218,0.011268554
,,,,,,,,,207.356,0.811886835
,,,,,,,,,208.019,0.275
,,,,,,,,,208.328,0.526232782
,,,,,,,,,208.492,0.5
,,,,,,,,,210.365,0.396368781
,,,,,,,,,211.05,0.2
,,,,,,,,,211.931,0.275
,,,,,,,,,212.187,0.565299211
,,,,,,,,,212.411,0.584918384
,,,,,,,,,213.087,0.731489388
,,,,,,,,,213.791,0.473767218
,,,,,,,,,237.004,0.088759711
,,,,,,,,,237.032,0.473767218
,,,,,,,,,237.922,0.901643589
,,,,,,,,,239.039,0.391383654
,,,,,,,,,240.15,0.753756385
,,,,,,,,,241.447,0.473767218
,,,,,,,,,243.962,0.461538462
,,,,,,,,,248.304,0.473767218
,,,,,,,,,248.655,0.473767218
,,,,,,,,,256.516,0.473767218
,,,,,,,,,261.143,0.473767218
,,,,,,,,,261.686,0.473767218
,,,,,,,,,262.951,0.353741497
,,,,,,,,,270.667,0.789584339
,,,,,,,,,278.078,0.5
,,,,,,,,,281.435,0.750062423
,,,,,,,,,282.379,0.473767218
,,,,,,,,,282.569,0.171875
,,,,,,,,,282.84,0.090909091
,,,,,,,,,284.299,0.631169787
,,,,,,,,,286.419,0.091954023
,,,,,,,,,286.639,0.631169787
,,,,,,,,,286.74,0.993155867
,,,,,,,,,291.835,0.091954023
,,,,,,,,,296.628,0.152008111
,,,,,,,,,303.333,0.640022211
,,,,,,,,,304.499,0.912087912
,,,,,,,,,305.166,0.793087452
,,,,,,,,,306.685,0.100519504
,,,,,,,,,308.414,0.999953607
,,,,,,,,,312.213,0.999421775
,,,,,,,,,312.899,0.896491006
,,,,,,,,,313.098,0.5
,,,,,,,,,313.816,0.849607006
,,,,,,,,,314.243,0.868351228
,,,,,,,,,314.701,0.321579493
,,,,,,,,,314.853,0.999850558
,,,,,,,,,315.58,0.755470236
,,,,,,,,,319.182,0.743165748
,,,,,,,,,321.993,0.9
,,,,,,,,,322.198,0.921650429
,,,,,,,,,322.63,0.5
,,,,,,,,,324.119,0.5
,,,,,,,,,324.261,0.878053638
,,,,,,,,,325.533,0.950773716
,,,,,,,,,327.022,0.894826934
,,,,,,,,,327.819,0.351702442
,,,,,,,,,328.699,0.995180173
,,,,,,,,,329.025,0.473767218
,,,,,,,,,329.063,0.838182989
,,,,,,,,,330.558,0.780200587
,,,,,,,,,330.62,0.5
,,,,,,,,,330.88,0.693167717
,,,,,,,,,330.985,0.473767218
,,,,,,,,,331.259,0.8
,,,,,,,,,332.793,0.562228069
,,,,,,,,,333.09,0.843695179
,,,,,,,,,335.161,0.976314069
,,,,,,,,,336.959,0.473767218
,,,,,,,,,337.732,0.473767218
,,,,,,,,,338.832,0.433901276
,,,,,,,,,341.295,0.574549474
,,,,,,,,,343.988,0.612775616
,,,,,,,,,345.314,0.59424682
,,,,,,,,,345.765,0.944444444
,,,,,,,,,349.019,0.793338775
,,,,,,,,,353.374,0.478047981
,,,,,,,,,354.148,0.478789739
,,,,,,,,,358.939,0.813594405
,,,,,,,,,362.666,0.473767218
,,,,,,,,,363.899,0.473767218
,,,,,,,,,364.009,0.981105022
,,,,,,,,,364.801,0.670469696
,,,,,,,,,367.852,0.999266611
,,,,,,,,,369.628,0.99418281
,,,,,,,,,369.65,0.69673607
,,,,,,,,,372.08,0.473767218
,,,,,,,,,372.546,0.986035757
,,,,,,,,,372.779,0.279354758
,,,,,,,,,375.065,0.95206174
,,,,,,,,,375.369,0.923210428
,,,,,,,,,377.139,0.84916902
,,,,,,,,,378.268,0.602831989
,,,,,,,,,380.981,1.844481796
,,,,,,,,,381.599,0.961658031
,,,,,,,,,383.766,0.717911586
,,,,,,,,,384.744,0.966437723
,,,,,,,,,387.041,0.935085148
,,,,,,,,,388.486,0.988712195
,,,,,,,,,388.584,0.634085342
,,,,,,,,,388.792,0.904610306
,,,,,,,,,389.675,0.800417518
,,,,,,,,,389.721,0.908237383
,,,,,,,,,390.481,0.809367069
,,,,,,,,,390.756,0.25456189
,,,,,,,,,390.848,0.5
,,,,,,,,,392.253,0.974080023
,,,,,,,,,392.703,0.737909964
,,,,,,,,,392.905,0.993055851
,,,,,,,,,394.979,0.736842105
,,,,,,,,,399.284,0.996627367
,,,,,,,,,399.331,0.989985969
,,,,,,,,,403.114,0.998130909
,,,,,,,,,404.065,0.986793499
,,,,,,,,,404.18,0.890142453
,,,,,,,,,406.016,0.843695179
,,,,,,,,,406.374,0.544897209
,,,,,,,,,407.265,0.991801907
,,,,,,,,,409.531,0.994252598
,,,,,,,,,409.944,0.438781187
,,,,,,,,,411.572,0.999622828
,,,,,,,,,411.839,0.473767218
,,,,,,,,,417.204,0.5
,,,,,,,,,420.418,0.642857143
,,,,,,,,,420.499,0.913360035
,,,,,,,,,424.146,0.8831136
,,,,,,,,,424.26,0.936570721
,,,,,,,,,426.419,0.473767218
,,,,,,,,,426.828,0.439047619
,,,,,,,,,430.067,0.058741115
,,,,,,,,,430.252,0.914621788
,,,,,,,,,430.575,0.983417851
,,,,,,,,,431.654,0.340598396
,,,,,,,,,431.657,0.340598396
,,,,,,,,,431.825,0.13085768
,,,,,,,,,431.874,0.537587569
,,,,,,,,,432.075,0.340598396
,,,,,,,,,432.586,0.099479625
,,,,,,,,,432.678,0.2062272
,,,,,,,,,432.699,0.875
,,,,,,,,,433.02,0.230204638
,,,,,,,,,434.399,0.340598396
,,,,,,,,,434.405,0.981896717
,,,,,,,,,434.751,0.932665267
,,,,,,,,,435.408,0.428571429
,,,,,,,,,436.464,0.918361381
,,,,,,,,,436.515,0.99337309
,,,,,,,,,436.62,0.211720492
,,,,,,,,,437.465,0.340598396
,,,,,,,,,437.634,0.527233141
,,,,,,,,,437.682,0.563009565
,,,,,,,,,437.822,0.961223487
,,,,,,,,,438.413,0.675622195
,,,,,,,,,439.235,0.59218587
,,,,,,,,,439.801,0.062594932
,,,,,,,,,440.809,0.433697173
,,,,,,,,,441.703,0.807163841
,,,,,,,,,442.733,0.826298087
,,,,,,,,,443.742,0.5
,,,,,,,,,444.334,0.034772879
,,,,,,,,,445.417,0.094597318
,,,,,,,,,445.841,0.573661724
,,,,,,,,,446.956,0.519396996
,,,,,,,,,449.049,0.813960797
,,,,,,,,,449.237,0.8
,,,,,,,,,449.766,0.858855168
,,,,,,,,,449.816,0.473767218
,,,,,,,,,451.288,0.99183943
,,,,,,,,,452.868,0.552793553
,,,,,,,,,453.287,0.577802061
,,,,,,,,,455.219,0.72928743
,,,,,,,,,455.612,0.974579624
,,,,,,,,,455.821,0.953018591
,,,,,,,,,456.068,0.931693677
,,,,,,,,,456.559,0.999538765
,,,,,,,,,456.582,0.571837151
,,,,,,,,,456.592,0.992304595
,,,,,,,,,456.828,0.301887437
,,,,,,,,,457.059,0.429388408
,,,,,,,,,457.092,0.999178475
,,,,,,,,,457.187,0.278667191
,,,,,,,,,457.863,0.975134927
,,,,,,,,,458.148,0.342899272
,,,,,,,,,458.372,0.995726987
,,,,,,,,,458.379,0.901265961
,,,,,,,,,458.659,0.975134927
,,,,,,,,,459.089,0.526232782
,,,,,,,,,459.453,0.995726987
,,,,,,,,,460.191,0.972716261
,,,,,,,,,460.667,0.975134927
,,,,,,,,,460.757,0.840472384
,,,,,,,,,461.431,0.868421053
,,,,,,,,,461.592,0.091954023
,,,,,,,,,462.103,0.146950043
,,,,,,,,,462.306,0.473767218
,,,,,,,,,462.834,0.904944327
,,,,,,,,,462.879,0.475304865
,,,,,,,,,463.753,0.519396996
,,,,,,,,,464.039,0.982929791
,,,,,,,,,464.469,0.934791505
,,,,,,,,,465.717,0.764270934
,,,,,,,,,466.579,0.526232782
,,,,,,,,,467.045,0.789584339
,,,,,,,,,467.114,0.935435202
,,,,,,,,,467.361,0.166666667
,,,,,,,,,468.089,0.209492379
,,,,,,,,,468.102,0.714353658
,,,,,,,,,468.558,0.764270934
,,,,,,,,,469.678,0.091954023
,,,,,,,,,469.83,0.894539097
,,,,,,,,,470.227,0.526232782
,,,,,,,,,470.392,0.71429011
,,,,,,,,,471.099,0.394638152
,,,,,,,,,471.151,0.789584339
,,,,,,,,,471.57,0.979345293
,,,,,,,,,472.252,0.90828462
,,,,,,,,,472.288,0.5
,,,,,,,,,472.533,0.952135715
,,,,,,,,,472.613,0.5
,,,,,,,,,472.703,0.447678459
,,,,,,,,,472.919,0.21545526
,,,,,,,,,473.685,0.821762603
,,,,,,,,,473.835,0.526232782
,,,,,,,,,473.958,0.985002002
,,,,,,,,,474.206,0.389282292
,,,,,,,,,474.464,0.473767218
,,,,,,,,,474.899,0.241321866
,,,,,,,,,475.395,0.99703265
,,,,,,,,,475.409,0.842439758
,,,,,,,,,475.458,0.71429011
,,,,,,,,,475.803,0.606758026
,,,,,,,,,475.919,1.243577518
,,,,,,,,,476.001,0.764270934
,,,,,,,,,476.059,0.473767218
,,,,,,,,,476.814,0.729795391
,,,,,,,,,477.035,0.473767218
,,,,,,,,,477.118,0.406449149
,,,,,,,,,477.67,0.464551769
,,,,,,,,,477.707,0.434165394
,,,,,,,,,477.772,0.719453994
,,,,,,,,,478.45,0.57580419
,,,,,,,,,478.666,0.764270934
,,,,,,,,,478.723,0.389948007
,,,,,,,,,479.452,0.5
,,,,,,,,,479.679,0.963854024
,,,,,,,,,479.738,0.473767218
,,,,,,,,,479.858,0.473767218
,,,,,,,,,479.902,0.149967265
,,,,,,,,,480.005,0.82594466
,,,,,,,,,480.218,0.60826033
,,,,,,,,,480.331,0.767348999
,,,,,,,,,480.732,0.891451063
,,,,,,,,,481.272,0.573742913
,,,,,,,,,481.744,0.363076424
,,,,,,,,,481.846,0.979205963
,,,,,,,,,481.9,0.149967265
,,,,,,,,,482.101,0.729795391
,,,,,,,,,482.201,0.308139535
,,,,,,,,,482.905,0.390023128
,,,,,,,,,483.135,0.414522014
,,,,,,,,,483.463,0.764270934
,,,,,,,,,483.659,0.682611822
,,,,,,,,,483.778,0.679971915
,,,,,,,,,483.859,0.217454516
,,,,,,,,,484.078,0.84991229
,,,,,,,,,484.519,0.815344778
,,,,,,,,,484.619,0.875727147
,,,,,,,,,485.589,0.934931933
,,,,,,,,,485.817,0.823381617
,,,,,,,,,486.663,0.281841653
,,,,,,,,,487.566,0.312843469
,,,,,,,,,487.939,0.958033569
,,,,,,,,,488.006,0.999260327
,,,,,,,,,489.285,0.473767218
,,,,,,,,,489.47,0.953455618
,,,,,,,,,489.51,0.946699041
,,,,,,,,,489.596,0.450451017
,,,,,,,,,489.714,0.45533549
,,,,,,,,,490.288,0.71429011
,,,,,,,,,490.372,0.547088396
,,,,,,,,,491.199,0.473767218
,,,,,,,,,491.419,0.569183065
,,,,,,,,,491.462,0.473767218
,,,,,,,,,491.567,0.241321866
,,,,,,,,,491.943,0.625
,,,,,,,,,492.212,0.473767218
,,,,,,,,,492.789,0.275081387
,,,,,,,,,492.819,0.74179073
,,,,,,,,,493.112,0.692378612
,,,,,,,,,493.219,0.956562096
,,,,,,,,,493.551,0.5
,,,,,,,,,493.669,0.859534993
,,,,,,,,,494.067,0.997520592
,,,,,,,,,494.605,0.729795391
,,,,,,,,,494.84,0.750062423
,,,,,,,,,495.01,0.769327427
,,,,,,,,,495.119,0.056420311
,,,,,,,,,495.135,0.402078254
,,,,,,,,,495.698,0.241321866
,,,,,,,,,496,0.579861111
,,,,,,,,,496.082,0.209492379
,,,,,,,,,496.338,0.631785371
,,,,,,,,,496.445,0.711749182
,,,,,,,,,496.625,0.640244152
,,,,,,,,,496.707,0.456553766
,,,,,,,,,497.019,0.473767218
,,,,,,,,,497.074,0.544345633
,,,,,,,,,498.097,0.440218598
,,,,,,,,,498.267,0.241321866
,,,,,,,,,498.407,0.241321866
,,,,,,,,,498.552,0.241321866
,,,,,,,,,499.155,0.612802
,,,,,,,,,499.19,0.209492379
,,,,,,,,,499.654,0.192629269
,,,,,,,,,500.115,0.858744255
,,,,,,,,,500.259,0.473767218
,,,,,,,,,500.339,0.88280957
,,,,,,,,,500.527,0.276510457
,,,,,,,,,501.444,0.974264585
,,,,,,,,,501.58,0.719453994
,,,,,,,,,502.262,0.378072582
,,,,,,,,,502.294,0.440218598
,,,,,,,,,502.305,0.751160336
,,,,,,,,,502.471,0.981087303
,,,,,,,,,502.477,0.378072582
,,,,,,,,,502.489,0.241321866
,,,,,,,,,502.538,0.801537015
,,,,,,,,,502.561,0.166997961
,,,,,,,,,502.813,0.378072582
,,,,,,,,,502.848,0.171875
,,,,,,,,,502.973,0.994874685
,,,,,,,,,503.041,0.884391915
,,,,,,,,,503.481,0.876188197
,,,,,,,,,503.533,0.378072582
,,,,,,,,,503.849,0.688200222
,,,,,,,,,504.133,0.625746425
,,,,,,,,,504.442,0.838175131
,,,,,,,,,504.6,0.786797789
,,,,,,,,,505.548,0.868421053
,,,,,,,,,505.957,0.490750145
,,,,,,,,,506.022,0.378072582
,,,,,,,,,506.9,0.914213407
,,,,,,,,,507.647,0.688200222
,,,,,,,,,507.819,0.970179331
,,,,,,,,,509.596,0.786797789
,,,,,,,,,510.288,0.819903012
,,,,,,,,,511.091,0.50744974
,,,,,,,,,511.452,0.694028239
,,,,,,,,,512.865,0.40006945
,,,,,,,,,513.559,0.378072582
,,,,,,,,,513.939,0.37572319
,,,,,,,,,514.544,0.949524095
,,,,,,,,,515.545,0.034482759
,,,,,,,,,515.878,0.920029491
,,,,,,,,,516.439,0.134947044
,,,,,,,,,516.725,0.727243384
,,,,,,,,,516.848,0.178193071
,,,,,,,,,516.897,0.262236408
,,,,,,,,,516.918,0.153758997
,,,,,,,,,516.944,0.241321866
,,,,,,,,,517.035,0.688130444
,,,,,,,,,517.057,0.676804764
,,,,,,,,,517.23,0.262125028
,,,,,,,,,517.323,0.675881174
,,,,,,,,,517.888,0.345389905
,,,,,,,,,517.902,0.960276802
,,,,,,,,,518.246,0.578848663
,,,,,,,,,518.258,0.824481576
,,,,,,,,,518.693,0.360139721
,,,,,,,,,519.027,0.088926564
,,,,,,,,,519.451,0.942830566
,,,,,,,,,519.774,0.868421053
,,,,,,,,,520.877,0.893440017
,,,,,,,,,520.966,0.959830243
,,,,,,,,,521.558,0.644897173
,,,,,,,,,522.22,0.929685891
,,,,,,,,,522.221,0.510697442
,,,,,,,,,522.475,0.322205182
,,,,,,,,,522.609,0.374821011
,,,,,,,,,522.847,0.448788767
,,,,,,,,,525.041,0.318705637
,,,,,,,,,525.119,0.473767218
,,,,,,,,,525.389,0.999278312
,,,,,,,,,526.21,0.929685891
,,,,,,,,,528.351,0.567857822
,,,,,,,,,529.24,0.749742757
,,,,,,,,,530.423,0.424146745
,,,,,,,,,531.064,0.671754923
,,,,,,,,,532.716,0.95699026
,,,,,,,,,532.761,0.998699714
,,,,,,,,,533.321,0.845373322
,,,,,,,,,533.493,0.935294439
,,,,,,,,,533.87,0.642933582
,,,,,,,,,534.542,0.461717054
,,,,,,,,,534.888,0.992032454
,,,,,,,,,535.211,0.720245923
,,,,,,,,,535.655,0.370938919
,,,,,,,,,536.112,0.545454545
,,,,,,,,,536.497,0.972453855
,,,,,,,,,536.544,0.987185184
,,,,,,,,,537.795,0.997132918
,,,,,,,,,538.472,0.986907136
,,,,,,,,,538.678,0.896320545
,,,,,,,,,538.81,0.95699026
,,,,,,,,,539.319,0.843695179
,,,,,,,,,539.712,0.41419568
,,,,,,,,,540.299,0.473767218
,,,,,,,,,541.451,0.526232782
,,,,,,,,,542.718,0.99720682
,,,,,,,,,543.13,0.986907136
,,,,,,,,,543.509,0.903681522
,,,,,,,,,543.739,0.85649277
,,,,,,,,,545.077,0.769842937
,,,,,,,,,545.408,0.349035972
,,,,,,,,,546.908,0.887492206
,,,,,,,,,547.208,0.447678459
,,,,,,,,,547.35,0.297749092
,,,,,,,,,547.578,0.515000434
,,,,,,,,,547.654,0.253195977
,,,,,,,,,547.72,0.933672041
,,,,,,,,,547.835,0.5
,,,,,,,,,548.168,0.687810676
,,,,,,,,,548.285,0.729795391
,,,,,,,,,548.336,0.847387504
,,,,,,,,,548.474,0.126106466
,,,,,,,,,548.503,0.783363981
,,,,,,,,,548.528,0.552326867
,,,,,,,,,548.682,0.682611822
,,,,,,,,,549.156,0.926470588
,,,,,,,,,550.399,0.029907216
,,,,,,,,,551.168,0.781553308
,,,,,,,,,551.634,0.714617459
,,,,,,,,,551.735,0.843695179
,,,,,,,,,551.745,0.868034923
,,,,,,,,,551.893,0.998046871
,,,,,,,,,552.119,0.704918033
,,,,,,,,,552.179,0.756573472
,,,,,,,,,552.427,0.473767218
,,,,,,,,,552.609,0.270189513
,,,,,,,,,552.66,0.473767218
,,,,,,,,,553.524,0.5
,,,,,,,,,553.745,0.750062423
,,,,,,,,,553.765,0.75
,,,,,,,,,554.107,0.610108957
,,,,,,,,,554.22,0.830028653
,,,,,,,,,554.308,0.08637327
,,,,,,,,,554.61,0.297749092
,,,,,,,,,555.505,0.985616589
,,,,,,,,,555.921,0.704918033
,,,,,,,,,557.354,0.832175201
,,,,,,,,,558.394,0.41419568
,,,,,,,,,558.878,0.750062423
,,,,,,,,,559.268,0.75
,,,,,,,,,560.365,0.98886134
,,,,,,,,,562.706,0.651817391
,,,,,,,,,563.006,0.138142466
,,,,,,,,,563.065,0.605049534
,,,,,,,,,563.185,0.991355231
,,,,,,,,,564.482,0.263901482
,,,,,,,,,565.43,0.753204236
,,,,,,,,,566.65,0.473767218
,,,,,,,,,566.864,0.582629674
,,,,,,,,,567.347,0.831001226
,,,,,,,,,568.394,0.888612763
,,,,,,,,,570.179,0.805806401
,,,,,,,,,571.132,0.790710412
,,,,,,,,,571.652,0.565072551
,,,,,,,,,571.713,0.135846855
,,,,,,,,,571.9,0.479302875
,,,,,,,,,572.477,0.554876757
,,,,,,,,,573.375,0.333333333
,,,,,,,,,576.253,0.473767218
,,,,,,,,,577.554,0.999615229
,,,,,,,,,579.712,0.969477037
,,,,,,,,,580.137,0.975376601
,,,,,,,,,580.372,0.750062423
,,,,,,,,,580.479,0.473767218
,,,,,,,,,580.503,0.473767218
,,,,,,,,,580.779,0.473767218
,,,,,,,,,581.024,0.473767218
,,,,,,,,,581.237,0.524921044
,,,,,,,,,581.551,0.473767218
,,,,,,,,,582.193,0.473767218
,,,,,,,,,582.4,0.473767218
,,,,,,,,,582.539,0.473767218
,,,,,,,,,583.057,0.473767218
,,,,,,,,,583.21,0.473767218
,,,,,,,,,583.236,0.473767218
,,,,,,,,,583.312,0.5
,,,,,,,,,583.33,0.473767218
,,,,,,,,,583.434,0.473767218
,,,,,,,,,583.537,0.923025426
,,,,,,,,,583.615,0.509391777
,,,,,,,,,583.717,0.473767218
,,,,,,,,,583.78,0.473767218
,,,,,,,,,583.824,0.162074485
,,,,,,,,,584.205,0.473767218
,,,,,,,,,584.318,0.473767218
,,,,,,,,,584.37,0.473767218
,,,,,,,,,584.445,0.526232782
,,,,,,,,,584.471,0.473767218
,,,,,,,,,584.491,0.473767218
,,,,,,,,,584.502,0.473767218
,,,,,,,,,584.555,0.473767218
,,,,,,,,,584.569,0.473767218
,,,,,,,,,584.602,0.625
,,,,,,,,,584.755,0.473767218
,,,,,,,,,584.934,0.473767218
,,,,,,,,,584.96,0.473767218
,,,,,,,,,585.025,0.473767218
,,,,,,,,,585.041,0.473767218
,,,,,,,,,585.047,0.473767218
,,,,,,,,,585.119,0.473767218
,,,,,,,,,585.241,0.473767218
,,,,,,,,,585.305,0.729795391
,,,,,,,,,585.371,0.473767218
,,,,,,,,,585.382,0.473767218
,,,,,,,,,585.539,0.473767218
,,,,,,,,,585.704,0.473767218
,,,,,,,,,585.779,0.473767218
,,,,,,,,,585.827,0.473767218
,,,,,,,,,585.859,0.473767218
,,,,,,,,,585.937,0.473767218
,,,,,,,,,585.939,0.473767218
,,,,,,,,,585.945,0.473767218
,,,,,,,,,585.986,0.473767218
,,,,,,,,,585.991,0.473767218
,,,,,,,,,586.074,0.473767218
,,,,,,,,,586.203,0.473767218
,,,,,,,,,586.266,0.473767218
,,,,,,,,,586.273,0.473767218
,,,,,,,,,586.326,0.473767218
,,,,,,,,,586.339,0.473767218
,,,,,,,,,586.402,0.473767218
,,,,,,,,,586.457,0.473767218
,,,,,,,,,586.541,0.473767218
,,,,,,,,,586.556,0.473767218
,,,,,,,,,586.699,0.473767218
,,,,,,,,,586.717,0.473767218
,,,,,,,,,586.865,0.71929373
,,,,,,,,,586.943,0.473767218
,,,,,,,,,586.952,0.999440336
,,,,,,,,,587.056,0.473767218
,,,,,,,,,587.173,0.473767218
,,,,,,,,,587.22,0.473767218
,,,,,,,,,587.399,0.473767218
,,,,,,,,,587.439,0.473767218
,,,,,,,,,587.452,0.473767218
,,,,,,,,,587.486,0.473767218
,,,,,,,,,587.49,0.5
,,,,,,,,,587.519,0.667592634
,,,,,,,,,587.542,0.473767218
,,,,,,,,,587.671,0.473767218
,,,,,,,,,587.683,0.473767218
,,,,,,,,,587.709,0.473767218
,,,,,,,,,587.74,0.473767218
,,,,,,,,,587.819,0.473767218
,,,,,,,,,587.851,0.473767218
,,,,,,,,,587.954,0.473767218
,,,,,,,,,587.975,0.473767218
,,,,,,,,,588.01,0.473767218
,,,,,,,,,588.039,0.843695179
,,,,,,,,,588.191,0.473767218
,,,,,,,,,588.259,0.473767218
,,,,,,,,,588.338,0.473767218
,,,,,,,,,588.361,0.473767218
,,,,,,,,,588.363,0.473767218
,,,,,,,,,588.386,0.473767218
,,,,,,,,,588.539,0.473767218
,,,,,,,,,588.542,0.473767218
,,,,,,,,,588.564,0.473767218
,,,,,,,,,588.625,0.473767218
,,,,,,,,,588.639,0.473767218
,,,,,,,,,588.658,0.473767218
,,,,,,,,,588.691,0.473767218
,,,,,,,,,588.699,0.473767218
,,,,,,,,,588.819,0.473767218
,,,,,,,,,588.829,0.473767218
,,,,,,,,,588.851,0.473767218
,,,,,,,,,588.959,0.473767218
,,,,,,,,,589.011,0.473767218
,,,,,,,,,589.041,0.473767218
,,,,,,,,,589.117,0.473767218
,,,,,,,,,589.139,0.473767218
,,,,,,,,,589.179,0.473767218
,,,,,,,,,589.182,0.473767218
,,,,,,,,,589.19,0.473767218
,,,,,,,,,589.2,0.473767218
,,,,,,,,,589.218,0.473767218
,,,,,,,,,589.219,0.473767218
,,,,,,,,,589.23,0.473767218
,,,,,,,,,589.239,0.947534436
,,,,,,,,,589.243,0.473767218
,,,,,,,,,589.248,0.473767218
,,,,,,,,,589.25,0.226888628
,,,,,,,,,589.283,0.473767218
,,,,,,,,,589.318,0.473767218
,,,,,,,,,589.32,0.473767218
,,,,,,,,,589.336,0.473767218
,,,,,,,,,589.362,0.473767218
,,,,,,,,,589.379,0.473767218
,,,,,,,,,589.464,0.473767218
,,,,,,,,,589.489,0.473767218
,,,,,,,,,589.499,0.473767218
,,,,,,,,,589.5,0.473767218
,,,,,,,,,589.511,0.473767218
,,,,,,,,,589.538,0.473767218
,,,,,,,,,589.539,0.947534436
,,,,,,,,,589.541,0.473767218
,,,,,,,,,589.575,0.473767218
,,,,,,,,,589.577,0.473767218
,,,,,,,,,589.59,0.947534436
,,,,,,,,,589.599,0.473767218
,,,,,,,,,589.618,0.473767218
,,,,,,,,,589.622,0.473767218
,,,,,,,,,589.632,0.473767218
,,,,,,,,,589.645,0.473767218
,,,,,,,,,589.652,1.470485013
,,,,,,,,,589.659,0.473767218
,,,,,,,,,589.698,0.473767218
,,,,,,,,,589.699,1.421301655
,,,,,,,,,589.718,0.473767218
,,,,,,,,,589.739,0.473767218
,,,,,,,,,589.755,0.473767218
,,,,,,,,,589.794,0.473767218
,,,,,,,,,589.799,0.473767218
,,,,,,,,,589.803,0.226888628
,,,,,,,,,589.877,0.473767218
,,,,,,,,,589.886,0.473767218
,,,,,,,,,589.888,0.473767218
,,,,,,,,,589.905,0.473767218
,,,,,,,,,589.921,0.473767218
,,,,,,,,,589.929,0.473767218
,,,,,,,,,589.975,0.473767218
,,,,,,,,,589.979,0.473767218
,,,,,,,,,590.003,0.473767218
,,,,,,,,,590.008,0.473767218
,,,,,,,,,590.019,0.473767218
,,,,,,,,,590.061,0.473767218
,,,,,,,,,590.088,0.473767218
,,,,,,,,,590.099,0.473767218
,,,,,,,,,590.106,0.473767218
,,,,,,,,,590.122,0.473767218
,,,,,,,,,590.141,0.473767218
,,,,,,,,,590.179,0.473767218
,,,,,,,,,590.183,0.473767218
,,,,,,,,,590.202,0.473767218
,,,,,,,,,590.203,0.473767218
,,,,,,,,,590.209,0.473767218
,,,,,,,,,590.234,0.473767218
,,,,,,,,,590.242,0.473767218
,,,,,,,,,590.249,0.473767218
,,,,,,,,,590.262,0.505033724
,,,,,,,,,590.275,0.473767218
,,,,,,,,,590.288,0.473767218
,,,,,,,,,590.299,0.473767218
,,,,,,,,,590.307,0.473767218
,,,,,,,,,590.319,0.473767218
,,,,,,,,,590.37,0.473767218
,,,,,,,,,590.379,0.473767218
,,,,,,,,,590.409,0.473767218
,,,,,,,,,590.459,0.473767218
,,,,,,,,,590.493,0.473767218
,,,,,,,,,590.609,0.473767218
,,,,,,,,,590.614,0.473767218
,,,,,,,,,590.639,0.473767218
,,,,,,,,,590.656,0.473767218
,,,,,,,,,590.658,0.473767218
,,,,,,,,,590.67,0.473767218
,,,,,,,,,590.68,0.473767218
,,,,,,,,,590.688,0.473767218
,,,,,,,,,590.749,0.473767218
,,,,,,,,,590.768,0.552326867
,,,,,,,,,590.774,0.473767218
,,,,,,,,,590.778,0.473767218
,,,,,,,,,590.779,0.473767218
,,,,,,,,,590.78,0.473767218
,,,,,,,,,590.789,0.473767218
,,,,,,,,,590.859,0.473767218
,,,,,,,,,590.873,0.473767218
,,,,,,,,,590.894,0.736564724
,,,,,,,,,590.939,0.473767218
,,,,,,,,,590.947,0.473767218
,,,,,,,,,590.977,0.473767218
,,,,,,,,,590.986,0.473767218
,,,,,,,,,591.009,0.473767218
,,,,,,,,,591.019,0.473767218
,,,,,,,,,591.02,0.473767218
,,,,,,,,,591.06,0.947534436
,,,,,,,,,591.076,0.473767218
,,,,,,,,,591.119,0.473767218
,,,,,,,,,591.123,0.473767218
,,,,,,,,,591.135,0.473767218
,,,,,,,,,591.162,0.473767218
,,,,,,,,,591.191,0.473767218
,,,,,,,,,591.207,0.473767218
,,,,,,,,,591.218,0.947534436
,,,,,,,,,591.222,0.473767218
,,,,,,,,,591.239,0.473767218
,,,,,,,,,591.243,0.473767218
,,,,,,,,,591.259,0.473767218
,,,,,,,,,591.262,0.473767218
,,,,,,,,,591.277,0.473767218
,,,,,,,,,591.285,0.473767218
,,,,,,,,,591.337,0.473767218
,,,,,,,,,591.339,0.473767218
,,,,,,,,,591.367,0.473767218
,,,,,,,,,591.37,0.473767218
,,,,,,,,,591.379,0.473767218
,,,,,,,,,591.443,0.473767218
,,,,,,,,,591.499,0.473767218
,,,,,,,,,591.501,0.473767218
,,,,,,,,,591.51,0.473767218
,,,,,,,,,591.512,0.473767218
,,,,,,,,,591.579,0.473767218
,,,,,,,,,591.589,0.473767218
,,,,,,,,,591.599,0.447678459
,,,,,,,,,591.602,0.473767218
,,,,,,,,,591.619,0.473767218
,,,,,,,,,591.641,0.473767218
,,,,,,,,,591.662,0.733747587
,,,,,,,,,591.665,0.473767218
,,,,,,,,,591.666,0.473767218
,,,,,,,,,591.709,0.473767218
,,,,,,,,,591.723,0.473767218
,,,,,,,,,591.759,0.473767218
,,,,,,,,,591.779,0.473767218
,,,,,,,,,591.82,0.473767218
,,,,,,,,,591.851,0.473767218
,,,,,,,,,591.871,0.473767218
,,,,,,,,,591.874,0.473767218
,,,,,,,,,591.879,0.924246315
,,,,,,,,,591.883,0.473767218
,,,,,,,,,591.887,0.473767218
,,,,,,,,,591.889,0.473767218
,,,,,,,,,591.914,0.473767218
,,,,,,,,,591.94,0.777263849
,,,,,,,,,591.989,0.843695179
,,,,,,,,,592.019,0.473767218
,,,,,,,,,592.026,0.473767218
,,,,,,,,,592.032,0.473767218
,,,,,,,,,592.034,0.473767218
,,,,,,,,,592.056,0.473767218
,,,,,,,,,592.07,0.473767218
,,,,,,,,,592.139,0.473767218
,,,,,,,,,592.148,0.473767218
,,,,,,,,,592.161,0.473767218
,,,,,,,,,592.176,0.473767218
,,,,,,,,,592.188,0.473767218
,,,,,,,,,592.189,0.473767218
,,,,,,,,,592.213,0.473767218
,,,,,,,,,592.216,0.473767218
,,,,,,,,,592.248,0.473767218
,,,,,,,,,592.259,0.473767218
,,,,,,,,,592.266,0.473767218
,,,,,,,,,592.337,0.473767218
,,,,,,,,,592.379,0.473767218
,,,,,,,,,592.402,0.473767218
,,,,,,,,,592.416,0.473767218
,,,,,,,,,592.419,0.473767218
,,,,,,,,,592.428,0.473767218
,,,,,,,,,592.445,0.473767218
,,,,,,,,,592.459,0.473767218
,,,,,,,,,592.478,0.473767218
,,,,,,,,,592.489,0.473767218
,,,,,,,,,592.502,0.473767218
,,,,,,,,,592.534,0.473767218
,,,,,,,,,592.546,0.473767218
,,,,,,,,,592.601,0.473767218
,,,,,,,,,592.609,0.473767218
,,,,,,,,,592.618,0.473767218
,,,,,,,,,592.625,0.473767218
,,,,,,,,,592.675,0.473767218
,,,,,,,,,592.7,0.473767218
,,,,,,,,,592.716,0.473767218
,,,,,,,,,592.779,0.473767218
,,,,,,,,,592.859,0.473767218
,,,,,,,,,592.899,0.473767218
,,,,,,,,,592.941,0.473767218
,,,,,,,,,592.946,0.473767218
,,,,,,,,,592.957,0.473767218
,,,,,,,,,593.001,0.473767218
,,,,,,,,,593.011,0.473767218
,,,,,,,,,593.019,0.473767218
,,,,,,,,,593.02,0.473767218
,,,,,,,,,593.059,0.473767218
,,,,,,,,,593.065,0.473767218
,,,,,,,,,593.082,0.473767218
,,,,,,,,,593.107,0.473767218
,,,,,,,,,593.123,0.473767218
,,,,,,,,,593.125,0.473767218
,,,,,,,,,593.159,0.947534436
,,,,,,,,,593.195,0.473767218
,,,,,,,,,593.199,0.473767218
,,,,,,,,,593.235,0.473767218
,,,,,,,,,593.266,0.473767218
,,,,,,,,,593.291,0.473767218
,,,,,,,,,593.301,0.473767218
,,,,,,,,,593.311,0.473767218
,,,,,,,,,593.354,0.473767218
,,,,,,,,,593.367,0.473767218
,,,,,,,,,593.407,0.473767218
,,,,,,,,,593.414,0.473767218
,,,,,,,,,593.419,0.473767218
,,,,,,,,,593.425,0.473767218
,,,,,,,,,593.454,0.473767218
,,,,,,,,,593.507,0.473767218
,,,,,,,,,593.557,0.473767218
,,,,,,,,,593.559,0.473767218
,,,,,,,,,593.579,0.473767218
,,,,,,,,,593.593,0.473767218
,,,,,,,,,593.639,0.473767218
,,,,,,,,,593.652,0.473767218
,,,,,,,,,593.659,0.947534436
,,,,,,,,,593.665,0.473767218
,,,,,,,,,593.738,0.62962963
,,,,,,,,,593.857,0.473767218
,,,,,,,,,593.859,0.473767218
,,,,,,,,,593.875,0.473767218
,,,,,,,,,593.887,0.473767218
,,,,,,,,,593.893,0.473767218
,,,,,,,,,593.926,0.473767218
,,,,,,,,,593.994,0.473767218
,,,,,,,,,593.999,0.473767218
,,,,,,,,,594.009,0.473767218
,,,,,,,,,594.011,0.473767218
,,,,,,,,,594.024,0.473767218
,,,,,,,,,594.07,0.473767218
,,,,,,,,,594.099,0.473767218
,,,,,,,,,594.113,0.473767218
,,,,,,,,,594.142,0.473767218
,,,,,,,,,594.146,0.473767218
,,,,,,,,,594.151,0.473767218
,,,,,,,,,594.166,0.473767218
,,,,,,,,,594.185,0.495496075
,,,,,,,,,594.207,0.473767218
,,,,,,,,,594.219,0.473767218
,,,,,,,,,594.292,0.473767218
,,,,,,,,,594.339,0.473767218
,,,,,,,,,594.371,0.473767218
,,,,,,,,,594.401,0.473767218
,,,,,,,,,594.417,0.473767218
,,,,,,,,,594.425,0.473767218
,,,,,,,,,594.429,0.473767218
,,,,,,,,,594.499,0.473767218
,,,,,,,,,594.593,0.473767218
,,,,,,,,,594.611,0.473767218
,,,,,,,,,594.615,0.431964193
,,,,,,,,,594.674,0.473767218
,,,,,,,,,594.678,0.473767218
,,,,,,,,,594.68,0.473767218
,,,,,,,,,594.765,0.473767218
,,,,,,,,,594.769,0.473767218
,,,,,,,,,594.777,0.473767218
,,,,,,,,,594.781,0.473767218
,,,,,,,,,594.819,0.473767218
,,,,,,,,,594.829,0.473767218
,,,,,,,,,594.838,0.473767218
,,,,,,,,,594.908,0.473767218
,,,,,,,,,594.91,0.473767218
,,,,,,,,,594.932,0.473767218
,,,,,,,,,594.933,0.473767218
,,,,,,,,,594.934,0.473767218
,,,,,,,,,594.954,0.473767218
,,,,,,,,,594.979,0.947534436
,,,,,,,,,594.982,0.473767218
,,,,,,,,,595.009,0.473767218
,,,,,,,,,595.019,0.947534436
,,,,,,,,,595.024,0.473767218
,,,,,,,,,595.045,0.473767218
,,,,,,,,,595.057,0.473767218
,,,,,,,,,595.06,0.473767218
,,,,,,,,,595.083,0.473767218
,,,,,,,,,595.088,0.473767218
,,,,,,,,,595.092,0.473767218
,,,,,,,,,595.143,0.473767218
,,,,,,,,,595.171,0.473767218
,,,,,,,,,595.176,0.473767218
,,,,,,,,,595.219,0.982274866
,,,,,,,,,595.22,0.473767218
,,,,,,,,,595.221,0.473767218
,,,,,,,,,595.258,0.473767218
,,,,,,,,,595.267,0.817957934
,,,,,,,,,595.313,0.473767218
,,,,,,,,,595.338,0.473767218
,,,,,,,,,595.353,0.473767218
,,,,,,,,,595.433,0.473767218
,,,,,,,,,595.435,0.978800942
,,,,,,,,,595.545,0.473767218
,,,,,,,,,595.591,0.473767218
,,,,,,,,,595.595,0.473767218
,,,,,,,,,595.618,0.473767218
,,,,,,,,,595.699,0.473767218
,,,,,,,,,595.722,0.473767218
,,,,,,,,,595.769,0.473767218
,,,,,,,,,595.786,0.567792227
,,,,,,,,,595.792,0.473767218
,,,,,,,,,595.816,0.473767218
,,,,,,,,,595.874,0.473767218
,,,,,,,,,595.879,0.947534436
,,,,,,,,,595.939,0.473767218
,,,,,,,,,595.967,0.447678459
,,,,,,,,,595.992,0.473767218
,,,,,,,,,595.996,0.473767218
,,,,,,,,,596.017,0.473767218
,,,,,,,,,596.032,0.473767218
,,,,,,,,,596.058,0.473767218
,,,,,,,,,596.092,0.843695179
,,,,,,,,,596.096,0.473767218
,,,,,,,,,596.166,0.473767218
,,,,,,,,,596.283,0.473767218
,,,,,,,,,596.297,0.743325356
,,,,,,,,,596.321,0.473767218
,,,,,,,,,596.403,0.473767218
,,,,,,,,,596.442,0.473767218
,,,,,,,,,596.517,0.473767218
,,,,,,,,,596.536,0.473767218
,,,,,,,,,596.537,0.473767218
,,,,,,,,,596.538,0.750062423
,,,,,,,,,596.539,0.473767218
,,,,,,,,,596.586,0.691686484
,,,,,,,,,596.615,0.473767218
,,,,,,,,,596.627,0.473767218
,,,,,,,,,596.65,0.473767218
,,,,,,,,,596.701,0.473767218
,,,,,,,,,596.719,0.473767218
,,,,,,,,,596.727,0.473767218
,,,,,,,,,596.757,0.473767218
,,,,,,,,,596.819,0.473767218
,,,,,,,,,596.829,0.473767218
,,,,,,,,,596.86,0.473767218
,,,,,,,,,596.899,0.947534436
,,,,,,,,,596.924,0.947534436
,,,,,,,,,596.979,0.473767218
,,,,,,,,,596.981,0.473767218
,,,,,,,,,597.004,0.473767218
,,,,,,,,,597.007,0.473767218
,,,,,,,,,597.027,0.473767218
,,,,,,,,,597.047,0.473767218
,,,,,,,,,597.225,0.473767218
,,,,,,,,,597.259,0.473767218
,,,,,,,,,597.285,0.473767218
,,,,,,,,,597.307,0.473767218
,,,,,,,,,597.364,0.473767218
,,,,,,,,,597.377,0.473767218
,,,,,,,,,597.386,0.473767218
,,,,,,,,,597.413,0.473767218
,,,,,,,,,597.419,0.750062423
,,,,,,,,,597.422,0.473767218
,,,,,,,,,597.47,0.473767218
,,,,,,,,,597.539,0.473767218
,,,,,,,,,597.542,0.473767218
,,,,,,,,,597.585,0.473767218
,,,,,,,,,597.599,0.473767218
,,,,,,,,,597.607,0.473767218
,,,,,,,,,597.614,0.473767218
,,,,,,,,,597.656,0.473767218
,,,,,,,,,597.674,0.473767218
,,,,,,,,,597.689,0.473767218
,,,,,,,,,597.749,0.473767218
,,,,,,,,,597.761,0.473767218
,,,,,,,,,597.77,0.473767218
,,,,,,,,,597.774,0.473767218
,,,,,,,,,597.779,0.473767218
,,,,,,,,,597.794,0.473767218
,,,,,,,,,597.823,0.473767218
,,,,,,,,,597.858,0.473767218
,,,,,,,,,597.868,0.473767218
,,,,,,,,,597.87,0.473767218
,,,,,,,,,597.905,0.473767218
,,,,,,,,,597.939,0.473767218
,,,,,,,,,597.961,0.473767218
,,,,,,,,,597.978,0.473767218
,,,,,,,,,598.058,0.473767218
,,,,,,,,,598.059,0.473767218
,,,,,,,,,598.082,0.473767218
,,,,,,,,,598.16,0.473767218
,,,,,,,,,598.179,0.473767218
,,,,,,,,,598.189,0.473767218
,,,,,,,,,598.203,0.473767218
,,,,,,,,,598.21,0.473767218
,,,,,,,,,598.258,0.473767218
,,,,,,,,,598.328,0.473767218
,,,,,,,,,598.348,0.473767218
,,,,,,,,,598.419,0.473767218
,,,,,,,,,598.429,0.473767218
,,,,,,,,,598.447,0.473767218
,,,,,,,,,598.499,0.473767218
,,,,,,,,,598.5,0.473767218
,,,,,,,,,598.51,0.473767218
,,,,,,,,,598.536,0.907908187
,,,,,,,,,598.55,0.473767218
,,,,,,,,,598.555,0.473767218
,,,,,,,,,598.559,0.473767218
,,,,,,,,,598.581,0.473767218
,,,,,,,,,598.599,0.473767218
,,,,,,,,,598.643,0.473767218
,,,,,,,,,598.699,0.473767218
,,,,,,,,,598.737,0.473767218
,,,,,,,,,598.779,0.473767218
,,,,,,,,,598.819,0.851393563
,,,,,,,,,598.826,0.473767218
,,,,,,,,,598.908,0.473767218
,,,,,,,,,598.938,0.473767218
,,,,,,,,,598.998,0.473767218
,,,,,,,,,599.019,0.473767218
,,,,,,,,,599.059,0.473767218
,,,,,,,,,599.141,0.473767218
,,,,,,,,,599.149,0.473767218
,,,,,,,,,599.166,0.473767218
,,,,,,,,,599.22,0.473767218
,,,,,,,,,599.233,0.473767218
,,,,,,,,,599.244,0.473767218
,,,,,,,,,599.279,0.473767218
,,,,,,,,,599.286,0.473767218
,,,,,,,,,599.445,0.473767218
,,,,,,,,,599.526,0.473767218
,,,,,,,,,599.551,0.473767218
,,,,,,,,,599.58,0.473767218
,,,,,,,,,599.689,0.473767218
,,,,,,,,,599.735,0.473767218
,,,,,,,,,599.752,0.473767218
,,,,,,,,,599.83,0.473767218
,,,,,,,,,599.854,0.473767218
,,,,,,,,,599.871,0.473767218
,,,,,,,,,599.88,0.473767218
,,,,,,,,,599.909,0.473767218
,,,,,,,,,599.998,0.473767218
,,,,,,,,,600.052,0.473767218
,,,,,,,,,600.056,0.473767218
,,,,,,,,,600.082,0.473767218
,,,,,,,,,600.139,0.473767218
,,,,,,,,,600.179,0.473767218
,,,,,,,,,600.346,0.473767218
,,,,,,,,,600.382,0.473767218
,,,,,,,,,600.39,0.473767218
,,,,,,,,,600.427,0.174085177
,,,,,,,,,600.442,0.473767218
,,,,,,,,,600.477,0.473767218
,,,,,,,,,600.508,0.473767218
,,,,,,,,,600.517,0.473767218
,,,,,,,,,600.532,0.473767218
,,,,,,,,,600.537,0.473767218
,,,,,,,,,600.599,0.473767218
,,,,,,,,,600.6,0.868701018
,,,,,,,,,600.686,0.473767218
,,,,,,,,,600.775,0.7870298
,,,,,,,,,600.778,0.473767218
,,,,,,,,,600.826,0.473767218
,,,,,,,,,600.905,0.473767218
,,,,,,,,,600.907,0.473767218
,,,,,,,,,601.01,0.473767218
,,,,,,,,,601.039,0.473767218
,,,,,,,,,601.11,0.473767218
,,,,,,,,,601.154,0.473767218
,,,,,,,,,601.209,0.473767218
,,,,,,,,,601.373,0.473767218
,,,,,,,,,601.4,0.473767218
,,,,,,,,,601.49,0.473767218
,,,,,,,,,601.742,0.473767218
,,,,,,,,,601.76,0.473767218
,,,,,,,,,601.859,0.473767218
,,,,,,,,,601.874,0.75331074
,,,,,,,,,601.891,0.473767218
,,,,,,,,,601.919,0.473767218
,,,,,,,,,601.921,0.886363636
,,,,,,,,,601.93,0.473767218
,,,,,,,,,601.974,0.473767218
,,,,,,,,,602.041,0.473767218
,,,,,,,,,602.076,0.473767218
,,,,,,,,,602.099,0.473767218
,,,,,,,,,602.135,0.473767218
,,,,,,,,,602.173,0.473767218
,,,,,,,,,602.203,0.447678459
,,,,,,,,,602.257,0.473767218
,,,,,,,,,602.281,0.473767218
,,,,,,,,,602.375,0.473767218
,,,,,,,,,602.386,0.473767218
,,,,,,,,,602.419,0.843695179
,,,,,,,,,602.509,0.473767218
,,,,,,,,,602.54,0.473767218
,,,,,,,,,602.651,0.473767218
,,,,,,,,,602.678,0.526232782
,,,,,,,,,602.8,0.473767218
,,,,,,,,,602.948,0.473767218
,,,,,,,,,602.966,0.473767218
,,,,,,,,,602.993,0.473767218
,,,,,,,,,603.125,0.473767218
,,,,,,,,,603.222,0.473767218
,,,,,,,,,603.287,0.473767218
,,,,,,,,,603.293,0.473767218
,,,,,,,,,603.343,0.473767218
,,,,,,,,,603.36,0.473767218
,,,,,,,,,603.486,0.473767218
,,,,,,,,,603.516,0.473767218
,,,,,,,,,603.534,0.473767218
,,,,,,,,,603.607,0.473767218
,,,,,,,,,603.61,0.473767218
,,,,,,,,,603.619,0.473767218
,,,,,,,,,603.648,0.473767218
,,,,,,,,,603.675,0.473767218
,,,,,,,,,603.746,0.473767218
,,,,,,,,,603.925,0.473767218
,,,,,,,,,603.987,0.473767218
,,,,,,,,,604.005,0.473767218
,,,,,,,,,604.059,0.473767218
,,,,,,,,,604.257,0.473767218
,,,,,,,,,604.37,0.473767218
,,,,,,,,,604.403,0.473767218
,,,,,,,,,604.414,0.473767218
,,,,,,,,,604.439,0.473767218
,,,,,,,,,604.44,0.473767218
,,,,,,,,,604.464,0.473767218
,,,,,,,,,604.546,0.473767218
,,,,,,,,,604.719,0.473767218
,,,,,,,,,604.735,0.473767218
,,,,,,,,,604.875,0.473767218
,,,,,,,,,604.901,0.473767218
,,,,,,,,,604.902,0.473767218
,,,,,,,,,605.027,0.473767218
,,,,,,,,,605.032,0.473767218
,,,,,,,,,605.036,0.473767218
,,,,,,,,,605.096,0.473767218
,,,,,,,,,605.143,0.473767218
,,,,,,,,,605.166,0.473767218
,,,,,,,,,605.321,0.473767218
,,,,,,,,,605.455,0.473767218
,,,,,,,,,605.474,0.473767218
,,,,,,,,,605.499,0.473767218
,,,,,,,,,605.518,0.473767218
,,,,,,,,,605.638,0.473767218
,,,,,,,,,605.698,0.473767218
,,,,,,,,,605.797,0.692378612
,,,,,,,,,605.806,0.473767218
,,,,,,,,,605.931,0.473767218
,,,,,,,,,605.936,0.473767218
,,,,,,,,,605.938,0.473767218
,,,,,,,,,605.955,0.473767218
,,,,,,,,,605.974,0.473767218
,,,,,,,,,605.995,0.473767218
,,,,,,,,,606.066,0.473767218
,,,,,,,,,606.134,0.473767218
,,,,,,,,,606.179,0.473767218
,,,,,,,,,606.186,0.473767218
,,,,,,,,,606.254,0.473767218
,,,,,,,,,606.47,0.473767218
,,,,,,,,,606.501,0.473767218
,,,,,,,,,606.546,0.473767218
,,,,,,,,,606.579,0.473767218
,,,,,,,,,606.708,0.473767218
,,,,,,,,,606.873,0.473767218
,,,,,,,,,606.941,0.473767218
,,,,,,,,,606.973,0.473767218
,,,,,,,,,607.1,0.473767218
,,,,,,,,,607.224,0.875348055
,,,,,,,,,607.388,0.473767218
,,,,,,,,,607.484,0.913360035
,,,,,,,,,607.539,0.473767218
,,,,,,,,,607.555,0.787221147
,,,,,,,,,607.619,0.473767218
,,,,,,,,,607.68,0.473767218
,,,,,,,,,607.773,0.473767218
,,,,,,,,,607.962,0.473767218
,,,,,,,,,608.062,0.473767218
,,,,,,,,,608.071,0.473767218
,,,,,,,,,608.51,0.473767218
,,,,,,,,,608.544,0.473767218
,,,,,,,,,608.646,0.473767218
,,,,,,,,,608.708,0.473767218
,,,,,,,,,608.859,0.473767218
,,,,,,,,,608.961,0.608643369
,,,,,,,,,609.043,0.473767218
,,,,,,,,,609.353,0.473767218
,,,,,,,,,609.657,0.473767218
,,,,,,,,,609.658,0.473767218
,,,,,,,,,609.694,0.473767218
,,,,,,,,,609.73,0.473767218
,,,,,,,,,609.775,0.473767218
,,,,,,,,,609.776,0.473767218
,,,,,,,,,609.901,0.473767218
,,,,,,,,,610.03,0.473767218
,,,,,,,,,610.036,0.494142124
,,,,,,,,,610.062,0.473767218
,,,,,,,,,610.157,0.473767218
,,,,,,,,,610.186,0.473767218
,,,,,,,,,610.22,0.473767218
,,,,,,,,,610.329,0.473767218
,,,,,,,,,610.443,0.473767218
,,,,,,,,,610.481,0.421874598
,,,,,,,,,610.749,0.473767218
,,,,,,,,,610.751,0.473767218
,,,,,,,,,610.759,0.473767218
,,,,,,,,,610.827,0.473767218
,,,,,,,,,610.856,0.473767218
,,,,,,,,,610.863,0.234275059
,,,,,,,,,610.954,0.5
,,,,,,,,,611.063,0.473767218
,,,,,,,,,611.114,0.473767218
,,,,,,,,,611.438,0.473767218
,,,,,,,,,611.486,0.473767218
,,,,,,,,,611.572,0.473767218
,,,,,,,,,611.595,0.473767218
,,,,,,,,,611.618,0.473767218
,,,,,,,,,611.677,0.473767218
,,,,,,,,,611.687,0.473767218
,,,,,,,,,611.689,0.473767218
,,,,,,,,,611.703,0.473767218
,,,,,,,,,611.908,0.473767218
,,,,,,,,,612.061,0.473767218
,,,,,,,,,612.144,0.473767218
,,,,,,,,,612.374,0.473767218
,,,,,,,,,612.404,0.473767218
,,,,,,,,,612.419,0.473767218
,,,,,,,,,612.433,0.473767218
,,,,,,,,,612.437,0.473767218
,,,,,,,,,612.456,0.473767218
,,,,,,,,,612.498,0.473767218
,,,,,,,,,612.579,0.843695179
,,,,,,,,,612.594,0.937783982
,,,,,,,,,612.661,0.473767218
,,,,,,,,,612.669,0.473767218
,,,,,,,,,612.686,0.473767218
,,,,,,,,,612.743,0.473767218
,,,,,,,,,612.773,0.473767218
,,,,,,,,,612.907,0.473767218
,,,,,,,,,612.918,0.473767218
,,,,,,,,,612.988,0.473767218
,,,,,,,,,613.305,0.473767218
,,,,,,,,,613.364,0.473767218
,,,,,,,,,613.517,0.473767218
,,,,,,,,,613.705,0.473767218
,,,,,,,,,613.847,0.473767218
,,,,,,,,,613.851,0.473767218
,,,,,,,,,613.943,0.499734416
,,,,,,,,,613.999,0.473767218
,,,,,,,,,614.037,0.875
,,,,,,,,,614.055,0.473767218
,,,,,,,,,614.105,0.473767218
,,,,,,,,,614.113,0.473767218
,,,,,,,,,614.14,0.473767218
,,,,,,,,,614.227,0.955688927
,,,,,,,,,614.27,0.988841701
,,,,,,,,,614.403,0.843695179
,,,,,,,,,614.459,0.473767218
,,,,,,,,,614.5,0.473767218
,,,,,,,,,614.601,0.473767218
,,,,,,,,,614.64,0.473767218
,,,,,,,,,615.179,0.947534436
,,,,,,,,,615.193,0.473767218
,,,,,,,,,615.347,0.473767218
,,,,,,,,,615.354,0.473767218
,,,,,,,,,615.36,0.473767218
,,,,,,,,,615.375,0.960736108
,,,,,,,,,615.415,0.918297265
,,,,,,,,,615.502,0.473767218
,,,,,,,,,615.505,0.473767218
,,,,,,,,,615.528,0.92445009
,,,,,,,,,615.751,0.473767218
,,,,,,,,,615.806,0.473767218
,,,,,,,,,615.892,0.447678459
,,,,,,,,,615.907,0.473767218
,,,,,,,,,615.909,0.473767218
,,,,,,,,,616.059,0.473767218
,,,,,,,,,616.098,0.473767218
,,,,,,,,,616.141,0.473767218
,,,,,,,,,616.353,0.473767218
,,,,,,,,,616.368,0.473767218
,,,,,,,,,616.39,0.473767218
,,,,,,,,,616.534,0.473767218
,,,,,,,,,616.739,0.473767218
,,,,,,,,,616.837,0.473767218
,,,,,,,,,616.893,0.473767218
,,,,,,,,,617.088,0.473767218
,,,,,,,,,617.099,0.473767218
,,,,,,,,,617.216,0.473767218
,,,,,,,,,617.345,0.473767218
,,,,,,,,,617.359,0.473767218
,,,,,,,,,617.416,0.5
,,,,,,,,,617.439,0.473767218
,,,,,,,,,617.443,0.473767218
,,,,,,,,,617.491,0.473767218
,,,,,,,,,617.577,0.473767218
,,,,,,,,,617.672,0.473767218
,,,,,,,,,617.742,0.651950319
,,,,,,,,,618.067,0.473767218
,,,,,,,,,618.106,0.473767218
,,,,,,,,,618.313,0.473767218
,,,,,,,,,618.324,0.473767218
,,,,,,,,,618.816,0.473767218
,,,,,,,,,618.825,0.473767218
,,,,,,,,,618.875,0.473767218
,,,,,,,,,618.999,0.876927012
,,,,,,,,,619.089,0.473767218
,,,,,,,,,619.166,0.473767218
,,,,,,,,,619.179,0.473767218
,,,,,,,,,619.394,0.999863316
,,,,,,,,,619.591,0.473767218
,,,,,,,,,619.734,0.473767218
,,,,,,,,,619.791,0.473767218
,,,,,,,,,619.877,0.473767218
,,,,,,,,,620.073,0.473767218
,,,,,,,,,620.101,0.473767218
,,,,,,,,,620.14,0.473767218
,,,,,,,,,620.142,0.473767218
,,,,,,,,,620.161,0.473767218
,,,,,,,,,620.179,0.532766022
,,,,,,,,,620.249,0.473767218
,,,,,,,,,620.335,0.5
,,,,,,,,,620.413,0.473767218
,,,,,,,,,620.418,0.473767218
,,,,,,,,,620.423,0.843695179
,,,,,,,,,620.502,0.473767218
,,,,,,,,,620.572,0.725391613
,,,,,,,,,620.646,0.473767218
,,,,,,,,,620.721,0.473767218
,,,,,,,,,620.795,0.473767218
,,,,,,,,,620.859,0.473767218
,,,,,,,,,620.872,0.473767218
,,,,,,,,,620.971,0.473767218
,,,,,,,,,620.997,0.473767218
,,,,,,,,,621.001,0.473767218
,,,,,,,,,621.019,0.473767218
,,,,,,,,,621.101,0.473767218
,,,,,,,,,621.299,0.473767218
,,,,,,,,,621.354,0.473767218
,,,,,,,,,621.474,0.473767218
,,,,,,,,,621.539,0.180979391
,,,,,,,,,621.563,0.473767218
,,,,,,,,,621.701,0.473767218
,,,,,,,,,621.837,0.473767218
,,,,,,,,,622.049,0.473767218
,,,,,,,,,622.074,0.473767218
,,,,,,,,,622.3,0.473767218
,,,,,,,,,622.475,0.473767218
,,,,,,,,,622.619,0.473767218
,,,,,,,,,622.668,0.949932263
,,,,,,,,,622.825,0.473767218
,,,,,,,,,623.017,0.473767218
,,,,,,,,,623.04,0.473767218
,,,,,,,,,623.106,0.947534436
,,,,,,,,,623.339,0.473767218
,,,,,,,,,623.485,0.804137823
,,,,,,,,,623.568,0.473767218
,,,,,,,,,623.602,0.812131695
,,,,,,,,,623.67,0.473767218
,,,,,,,,,623.681,0.473767218
,,,,,,,,,623.777,0.473767218
,,,,,,,,,623.906,0.473767218
,,,,,,,,,624.179,0.473767218
,,,,,,,,,624.195,0.473767218
,,,,,,,,,624.38,0.473767218
,,,,,,,,,624.459,0.473767218
,,,,,,,,,624.579,0.421874598
,,,,,,,,,624.587,0.473767218
,,,,,,,,,624.664,0.473767218
,,,,,,,,,624.731,0.395015403
,,,,,,,,,624.838,0.473767218
,,,,,,,,,624.856,0.473767218
,,,,,,,,,624.866,0.473767218
,,,,,,,,,624.877,0.473767218
,,,,,,,,,624.969,0.843695179
,,,,,,,,,625.006,0.473767218
,,,,,,,,,625.132,0.473767218
,,,,,,,,,625.339,0.473767218
,,,,,,,,,625.362,0.473767218
,,,,,,,,,625.397,0.473767218
,,,,,,,,,625.476,0.473767218
,,,,,,,,,625.625,0.473767218
,,,,,,,,,625.694,0.473767218
,,,,,,,,,625.81,0.473767218
,,,,,,,,,625.859,0.473767218
,,,,,,,,,625.991,0.473767218
,,,,,,,,,626.035,0.473767218
,,,,,,,,,626.093,0.473767218
,,,,,,,,,626.222,0.473767218
,,,,,,,,,626.288,0.473767218
,,,,,,,,,626.302,0.473767218
,,,,,,,,,626.464,0.870362069
,,,,,,,,,626.577,0.999704653
,,,,,,,,,627.019,0.833333333
,,,,,,,,,627.056,0.473767218
,,,,,,,,,627.188,0.473767218
,,,,,,,,,627.338,0.473767218
,,,,,,,,,627.36,0.473767218
,,,,,,,,,627.419,0.473767218
,,,,,,,,,627.47,0.473767218
,,,,,,,,,627.502,0.473767218
,,,,,,,,,627.541,0.473767218
,,,,,,,,,627.558,0.473767218
,,,,,,,,,627.631,0.473767218
,,,,,,,,,627.643,0.473767218
,,,,,,,,,627.74,0.473767218
,,,,,,,,,627.856,0.473767218
,,,,,,,,,627.858,0.473767218
,,,,,,,,,627.913,0.473767218
,,,,,,,,,627.937,0.473767218
,,,,,,,,,627.965,0.473767218
,,,,,,,,,628.008,0.473767218
,,,,,,,,,628.029,0.435381663
,,,,,,,,,628.051,0.473767218
,,,,,,,,,628.172,0.473767218
,,,,,,,,,628.308,0.473767218
,,,,,,,,,628.381,0.473767218
,,,,,,,,,628.395,0.473767218
,,,,,,,,,628.444,0.473767218
,,,,,,,,,628.629,0.473767218
,,,,,,,,,628.752,0.473767218
,,,,,,,,,628.762,0.473767218
,,,,,,,,,629.109,0.473767218
,,,,,,,,,629.18,0.473767218
,,,,,,,,,629.235,0.833949085
,,,,,,,,,629.241,0.473767218
,,,,,,,,,629.375,0.942030162
,,,,,,,,,629.411,0.473767218
,,,,,,,,,629.489,0.473767218
,,,,,,,,,629.532,1.130466928
,,,,,,,,,629.659,0.473767218
,,,,,,,,,629.806,0.766946771
,,,,,,,,,629.939,0.473767218
,,,,,,,,,629.944,0.091954023
,,,,,,,,,629.963,0.473767218
,,,,,,,,,629.995,0.473767218
,,,,,,,,,629.999,0.473767218
,,,,,,,,,630.199,0.473767218
,,,,,,,,,630.232,0.473767218
,,,,,,,,,630.259,0.473767218
,,,,,,,,,630.299,0.473767218
,,,,,,,,,630.315,0.473767218
,,,,,,,,,630.411,0.473767218
,,,,,,,,,630.464,0.989896664
,,,,,,,,,630.477,0.473767218
,,,,,,,,,630.53,0.473767218
,,,,,,,,,630.623,0.473767218
,,,,,,,,,630.659,0.473767218
,,,,,,,,,630.729,0.473767218
,,,,,,,,,630.979,0.947534436
,,,,,,,,,631.402,0.473767218
,,,,,,,,,631.478,0.5
,,,,,,,,,631.509,0.473767218
,,,,,,,,,631.749,0.473767218
,,,,,,,,,631.806,0.473767218
,,,,,,,,,631.942,0.473767218
,,,,,,,,,632.099,0.473767218
,,,,,,,,,632.139,0.729795391
,,,,,,,,,632.185,0.473767218
,,,,,,,,,632.348,0.473767218
,,,,,,,,,632.38,0.473767218
,,,,,,,,,632.561,0.473767218
,,,,,,,,,632.564,0.473767218
,,,,,,,,,632.579,0.986966928
,,,,,,,,,632.642,0.473767218
,,,,,,,,,632.659,0.473767218
,,,,,,,,,632.671,0.769230769
,,,,,,,,,632.787,0.473767218
,,,,,,,,,632.793,0.473767218
,,,,,,,,,632.909,0.998737515
,,,,,,,,,633.059,0.473767218
,,,,,,,,,633.114,0.473767218
,,,,,,,,,633.144,0.473767218
,,,,,,,,,633.227,0.473767218
,,,,,,,,,633.262,0.815486345
,,,,,,,,,633.316,0.473767218
,,,,,,,,,633.325,0.473767218
,,,,,,,,,633.465,0.473767218
,,,,,,,,,633.538,0.947534436
,,,,,,,,,633.596,0.473767218
,,,,,,,,,633.639,0.473767218
,,,,,,,,,633.801,0.473767218
,,,,,,,,,633.994,0.473767218
,,,,,,,,,634.079,0.473767218
,,,,,,,,,634.114,0.473767218
,,,,,,,,,634.434,0.473767218
,,,,,,,,,634.441,0.473767218
,,,,,,,,,634.447,0.473767218
,,,,,,,,,634.624,0.473767218
,,,,,,,,,634.884,0.473767218
,,,,,,,,,634.912,0.473767218
,,,,,,,,,634.955,0.473767218
,,,,,,,,,635.105,0.473767218
,,,,,,,,,635.111,0.473767218
,,,,,,,,,635.113,0.473767218
,,,,,,,,,635.118,0.947534436
,,,,,,,,,635.206,0.473767218
,,,,,,,,,635.215,0.473767218
,,,,,,,,,635.365,0.473767218
,,,,,,,,,635.414,0.473767218
,,,,,,,,,635.528,0.473767218
,,,,,,,,,635.679,0.473767218
,,,,,,,,,635.721,0.90828462
,,,,,,,,,635.872,0.473767218
,,,,,,,,,635.899,0.473767218
,,,,,,,,,635.959,0.708661077
,,,,,,,,,635.982,0.473767218
,,,,,,,,,635.999,0.473767218
,,,,,,,,,636.278,0.473767218
,,,,,,,,,636.298,0.473767218
,,,,,,,,,636.326,0.473767218
,,,,,,,,,636.543,0.473767218
,,,,,,,,,636.818,0.231687931
,,,,,,,,,637.019,0.473767218
,,,,,,,,,637.033,0.5
,,,,,,,,,637.229,0.473767218
,,,,,,,,,637.509,0.473767218
,,,,,,,,,637.547,0.473767218
,,,,,,,,,637.581,0.473767218
,,,,,,,,,637.618,0.473767218
,,,,,,,,,637.941,0.473767218
,,,,,,,,,637.946,0.473767218
,,,,,,,,,637.99,0.473767218
,,,,,,,,,638.098,0.473767218
,,,,,,,,,638.386,0.244639712
,,,,,,,,,638.462,0.473767218
,,,,,,,,,638.487,0.473767218
,,,,,,,,,638.552,0.473767218
,,,,,,,,,638.681,0.473767218
,,,,,,,,,638.859,0.473767218
,,,,,,,,,639.155,0.473767218
,,,,,,,,,639.317,0.973085666
,,,,,,,,,640.005,0.944211129
,,,,,,,,,640.531,0.447678459
,,,,,,,,,640.565,0.473767218
,,,,,,,,,640.67,0.473767218
,,,,,,,,,640.746,0.944211129
,,,,,,,,,640.829,0.473767218
,,,,,,,,,640.863,0.124421446
,,,,,,,,,640.961,0.473767218
,,,,,,,,,641.004,0.473767218
,,,,,,,,,641.009,0.473767218
,,,,,,,,,641.154,0.473767218
,,,,,,,,,641.163,0.473767218
,,,,,,,,,641.211,0.473767218
,,,,,,,,,641.288,1.995620976
,,,,,,,,,641.384,0.694338608
,,,,,,,,,641.392,0.473767218
,,,,,,,,,641.68,0.473767218
,,,,,,,,,641.741,0.473767218
,,,,,,,,,642.159,0.8401562
,,,,,,,,,642.205,0.997810488
,,,,,,,,,642.312,0.473767218
,,,,,,,,,642.566,0.473767218
,,,,,,,,,642.691,0.473767218
,,,,,,,,,642.7,0.683901497
,,,,,,,,,642.744,0.473767218
,,,,,,,,,642.75,0.868421053
,,,,,,,,,642.858,0.473767218
,,,,,,,,,643.009,0.473767218
,,,,,,,,,643.169,0.473767218
,,,,,,,,,643.226,0.944211129
,,,,,,,,,643.253,0.473767218
,,,,,,,,,643.339,0.973767218
,,,,,,,,,643.376,0.473767218
,,,,,,,,,643.524,0.824793258
,,,,,,,,,643.526,0.947534436
,,,,,,,,,643.539,0.719444444
,,,,,,,,,643.578,0.473767218
,,,,,,,,,643.583,0.473767218
,,,,,,,,,643.605,0.473767218
,,,,,,,,,643.608,0.473767218
,,,,,,,,,643.62,0.944211129
,,,,,,,,,643.628,0.473767218
,,,,,,,,,643.631,0.944211129
,,,,,,,,,643.807,0.473767218
,,,,,,,,,643.928,0.936947868
,,,,,,,,,643.969,0.473767218
,,,,,,,,,643.982,0.473767218
,,,,,,,,,644.016,0.473767218
,,,,,,,,,644.057,0.473767218
,,,,,,,,,644.142,1.14548439
,,,,,,,,,644.387,0.473767218
,,,,,,,,,644.409,0.944211129
,,,,,,,,,644.501,0.473767218
,,,,,,,,,644.554,0.473767218
,,,,,,,,,644.629,0.473767218
,,,,,,,,,644.962,0.473767218
,,,,,,,,,644.97,0.473767218
,,,,,,,,,645.299,0.421874598
,,,,,,,,,645.515,0.473767218
,,,,,,,,,645.663,0.473767218
,,,,,,,,,645.739,0.473767218
,,,,,,,,,645.821,0.473767218
,,,,,,,,,645.866,0.473767218
,,,,,,,,,645.89,0.473767218
,,,,,,,,,646.049,0.473767218
,,,,,,,,,646.183,0.473767218
,,,,,,,,,646.234,0.473767218
,,,,,,,,,646.386,0.473767218
,,,,,,,,,646.465,0.473767218
,,,,,,,,,646.484,0.473767218
,,,,,,,,,646.511,0.473767218
,,,,,,,,,646.577,0.473767218
,,,,,,,,,646.589,0.350725165
,,,,,,,,,646.629,0.473767218
,,,,,,,,,646.64,0.473767218
,,,,,,,,,646.665,0.473767218
,,,,,,,,,646.684,0.473767218
,,,,,,,,,646.714,0.473767218
,,,,,,,,,646.877,0.473767218
,,,,,,,,,646.978,0.473767218
,,,,,,,,,647.097,0.473767218
,,,,,,,,,647.111,0.473767218
,,,,,,,,,647.141,0.473767218
,,,,,,,,,647.227,0.473767218
,,,,,,,,,647.551,0.473767218
,,,,,,,,,647.695,0.473767218
,,,,,,,,,647.799,0.473767218
,,,,,,,,,647.817,0.473767218
,,,,,,,,,647.899,0.473767218
,,,,,,,,,647.995,0.473767218
,,,,,,,,,648.015,0.473767218
,,,,,,,,,648.28,0.473767218
,,,,,,,,,648.432,0.473767218
,,,,,,,,,648.563,0.473767218
,,,,,,,,,648.617,0.473767218
,,,,,,,,,648.868,0.53640514
,,,,,,,,,649.061,0.473767218
,,,,,,,,,649.389,0.473767218
,,,,,,,,,649.533,0.473767218
,,,,,,,,,649.665,0.473767218
,,,,,,,,,649.835,0.5
,,,,,,,,,650.103,0.473767218
,,,,,,,,,650.399,0.473767218
,,,,,,,,,650.479,0.473767218
,,,,,,,,,650.692,0.739543884
,,,,,,,,,650.699,0.473767218
,,,,,,,,,650.849,0.473767218
,,,,,,,,,650.968,0.473767218
,,,,,,,,,651.059,0.473767218
,,,,,,,,,651.215,0.473767218
,,,,,,,,,651.339,0.473767218
,,,,,,,,,651.42,0.473767218
,,,,,,,,,651.423,0.473767218
,,,,,,,,,651.497,0.473767218
,,,,,,,,,651.513,0.473767218
,,,,,,,,,651.647,0.473767218
,,,,,,,,,651.66,0.843695179
,,,,,,,,,651.796,0.473767218
,,,,,,,,,651.831,0.947534436
,,,,,,,,,652.121,0.753756385
,,,,,,,,,652.24,0.473767218
,,,,,,,,,652.294,0.473767218
,,,,,,,,,652.395,0.473767218
,,,,,,,,,652.416,0.473767218
,,,,,,,,,652.807,0.473767218
,,,,,,,,,652.887,0.473767218
,,,,,,,,,652.892,0.473767218
,,,,,,,,,653.019,0.473767218
,,,,,,,,,653.404,0.473767218
,,,,,,,,,653.422,0.473767218
,,,,,,,,,653.792,0.473767218
,,,,,,,,,653.942,0.473767218
,,,,,,,,,653.971,0.473767218
,,,,,,,,,654.185,0.473767218
,,,,,,,,,654.328,0.473767218
,,,,,,,,,654.344,0.473767218
,,,,,,,,,654.767,0.354174514
,,,,,,,,,654.834,0.473767218
,,,,,,,,,654.89,0.473767218
,,,,,,,,,655.067,0.473767218
,,,,,,,,,655.234,0.473767218
,,,,,,,,,655.331,0.473767218
,,,,,,,,,655.383,0.759822786
,,,,,,,,,655.525,0.473767218
,,,,,,,,,655.549,0.473767218
,,,,,,,,,655.678,0.473767218
,,,,,,,,,655.854,0.473767218
,,,,,,,,,655.957,0.473767218
,,,,,,,,,655.996,0.473767218
,,,,,,,,,656.098,0.473767218
,,,,,,,,,656.109,0.473767218
,,,,,,,,,656.177,0.473767218
,,,,,,,,,656.261,0.473767218
,,,,,,,,,656.318,0.473767218
,,,,,,,,,656.42,0.473767218
,,,,,,,,,656.531,0.473767218
,,,,,,,,,656.587,0.473767218
,,,,,,,,,656.599,0.473767218
,,,,,,,,,656.855,0.473767218
,,,,,,,,,657.04,0.473767218
,,,,,,,,,657.304,0.473767218
,,,,,,,,,657.358,0.473767218
,,,,,,,,,657.537,0.473767218
,,,,,,,,,657.579,0.947534436
,,,,,,,,,657.625,0.473767218
,,,,,,,,,657.931,0.473767218
,,,,,,,,,658.039,0.473767218
,,,,,,,,,658.101,0.473767218
,,,,,,,,,658.154,0.308339851
,,,,,,,,,658.172,0.473767218
,,,,,,,,,658.181,0.473767218
,,,,,,,,,658.242,0.473767218
,,,,,,,,,658.292,0.473767218
,,,,,,,,,658.293,0.473767218
,,,,,,,,,658.302,0.473767218
,,,,,,,,,658.539,0.473767218
,,,,,,,,,658.553,0.473767218
,,,,,,,,,658.574,0.473767218
,,,,,,,,,658.714,0.571230124
,,,,,,,,,658.727,0.473767218
,,,,,,,,,658.869,0.947534436
,,,,,,,,,659.026,0.843695179
,,,,,,,,,659.037,0.473767218
,,,,,,,,,659.047,0.473767218
,,,,,,,,,659.059,0.473767218
,,,,,,,,,659.159,0.473767218
,,,,,,,,,659.163,0.976573789
,,,,,,,,,659.239,0.473767218
,,,,,,,,,659.322,0.473767218
,,,,,,,,,659.419,0.473767218
,,,,,,,,,659.433,0.473767218
,,,,,,,,,659.49,0.473767218
,,,,,,,,,659.505,0.473767218
,,,,,,,,,659.539,0.473767218
,,,,,,,,,659.573,0.473767218
,,,,,,,,,659.602,0.473767218
,,,,,,,,,659.78,0.875
,,,,,,,,,659.806,0.473767218
,,,,,,,,,659.895,0.473767218
,,,,,,,,,660.132,0.473767218
,,,,,,,,,660.326,0.473767218
,,,,,,,,,660.341,0.473767218
,,,,,,,,,660.372,0.473767218
,,,,,,,,,660.381,0.473767218
,,,,,,,,,660.399,0.473767218
,,,,,,,,,660.61,0.473767218
,,,,,,,,,660.612,0.473767218
,,,,,,,,,660.84,0.473767218
,,,,,,,,,661.014,0.473767218
,,,,,,,,,661.019,0.921975174
,,,,,,,,,661.031,0.473767218
,,,,,,,,,661.059,0.473767218
,,,,,,,,,661.086,0.633982372
,,,,,,,,,661.14,0.473767218
,,,,,,,,,661.205,0.985323937
,,,,,,,,,661.364,0.473767218
,,,,,,,,,661.634,0.744649937
,,,,,,,,,661.65,0.601921001
,,,,,,,,,661.735,0.473767218
,,,,,,,,,661.795,0.473767218
,,,,,,,,,662.039,0.473767218
,,,,,,,,,662.124,0.473767218
,,,,,,,,,662.227,0.473767218
,,,,,,,,,662.338,0.473767218
,,,,,,,,,662.339,0.473767218
,,,,,,,,,662.491,0.875
,,,,,,,,,662.727,0.473767218
,,,,,,,,,662.822,0.473767218
,,,,,,,,,663.066,0.473767218
,,,,,,,,,663.273,0.473767218
,,,,,,,,,663.599,0.473767218
,,,,,,,,,663.745,0.473767218
,,,,,,,,,663.75,0.473767218
,,,,,,,,,663.802,0.473767218
,,,,,,,,,663.992,0.473767218
,,,,,,,,,664.014,0.633982372
,,,,,,,,,664.13,0.473767218
,,,,,,,,,664.259,0.473767218
,,,,,,,,,664.287,0.473767218
,,,,,,,,,664.321,0.777450194
,,,,,,,,,664.623,0.473767218
,,,,,,,,,665.02,0.473767218
,,,,,,,,,665.209,0.473767218
,,,,,,,,,665.229,0.473767218
,,,,,,,,,665.267,0.473767218
,,,,,,,,,665.446,0.473767218
,,,,,,,,,665.633,0.473767218
,,,,,,,,,665.901,0.473767218
,,,,,,,,,665.963,0.473767218
,,,,,,,,,665.976,0.473767218
,,,,,,,,,666.124,0.473767218
,,,,,,,,,666.37,0.447678459
,,,,,,,,,666.497,0.473767218
,,,,,,,,,666.606,0.473767218
,,,,,,,,,666.722,0.473767218
,,,,,,,,,666.792,0.473767218
,,,,,,,,,666.876,0.473767218
,,,,,,,,,666.964,0.473767218
,,,,,,,,,667.129,0.822142717
,,,,,,,,,667.137,0.473767218
,,,,,,,,,667.215,0.473767218
,,,,,,,,,667.515,0.540442822
,,,,,,,,,667.525,0.473767218
,,,,,,,,,667.579,0.919012299
,,,,,,,,,667.815,0.473767218
,,,,,,,,,667.905,0.473767218
,,,,,,,,,668.104,0.473767218
,,,,,,,,,668.29,0.473767218
,,,,,,,,,668.415,0.473767218
,,,,,,,,,668.773,0.705882353
,,,,,,,,,668.924,0.473767218
,,,,,,,,,668.927,0.473767218
,,,,,,,,,668.999,0.473767218
,,,,,,,,,669.259,0.473767218
,,,,,,,,,669.812,0.473767218
,,,,,,,,,669.972,0.965494157
,,,,,,,,,670.167,0.473767218
,,,,,,,,,670.192,0.473767218
,,,,,,,,,670.449,0.473767218
,,,,,,,,,670.59,0.473767218
,,,,,,,,,670.812,0.964086331
,,,,,,,,,670.929,0.473767218
,,,,,,,,,671.153,0.473767218
,,,,,,,,,671.312,0.189706347
,,,,,,,,,671.353,0.473767218
,,,,,,,,,671.375,0.473767218
,,,,,,,,,671.419,0.965494157
,,,,,,,,,671.471,0.421874598
,,,,,,,,,671.523,0.473767218
,,,,,,,,,671.527,0.433068729
,,,,,,,,,671.748,0.473767218
,,,,,,,,,671.872,0.949932263
,,,,,,,,,671.894,0.473767218
,,,,,,,,,671.938,0.473767218
,,,,,,,,,672.025,0.473767218
,,,,,,,,,672.042,0.533846031
,,,,,,,,,672.051,0.473767218
,,,,,,,,,672.124,0.473767218
,,,,,,,,,672.17,0.473767218
,,,,,,,,,672.173,0.220422655
,,,,,,,,,672.194,0.473767218
,,,,,,,,,672.231,0.473767218
,,,,,,,,,672.314,0.473767218
,,,,,,,,,672.388,0.473767218
,,,,,,,,,672.419,0.473767218
,,,,,,,,,672.451,0.473767218
,,,,,,,,,672.452,0.951231071
,,,,,,,,,672.588,0.473767218
,,,,,,,,,672.725,0.473767218
,,,,,,,,,672.734,0.473767218
,,,,,,,,,672.819,0.473767218
,,,,,,,,,672.821,0.473767218
,,,,,,,,,672.911,0.473767218
,,,,,,,,,673.035,0.473767218
,,,,,,,,,673.135,0.473767218
,,,,,,,,,673.168,0.473767218
,,,,,,,,,673.24,0.473767218
,,,,,,,,,673.254,0.697968957
,,,,,,,,,673.279,0.473767218
,,,,,,,,,673.339,0.473767218
,,,,,,,,,673.41,0.473767218
,,,,,,,,,673.495,0.473767218
,,,,,,,,,673.514,0.473767218
,,,,,,,,,673.518,0.473767218
,,,,,,,,,673.52,0.473767218
,,,,,,,,,673.559,0.473767218
,,,,,,,,,673.619,0.547779847
,,,,,,,,,673.63,0.473767218
,,,,,,,,,673.725,0.473767218
,,,,,,,,,673.797,0.473767218
,,,,,,,,,673.807,0.473767218
,,,,,,,,,673.808,0.473767218
,,,,,,,,,673.819,0.473767218
,,,,,,,,,673.853,0.777450194
,,,,,,,,,673.873,0.473767218
,,,,,,,,,673.966,0.939141741
,,,,,,,,,674.14,0.473767218
,,,,,,,,,674.19,0.843695179
,,,,,,,,,674.243,0.473767218
,,,,,,,,,674.281,0.473767218
,,,,,,,,,674.337,0.473767218
,,,,,,,,,674.339,0.473767218
,,,,,,,,,674.433,0.473767218
,,,,,,,,,674.466,0.473767218
,,,,,,,,,674.49,0.473767218
,,,,,,,,,674.499,0.473767218
,,,,,,,,,674.623,0.473767218
,,,,,,,,,674.639,0.473767218
,,,,,,,,,674.668,0.473767218
,,,,,,,,,674.791,0.473767218
,,,,,,,,,674.839,0.473767218
,,,,,,,,,674.85,0.473767218
,,,,,,,,,674.859,0.473767218
,,,,,,,,,674.874,1.42353185
,,,,,,,,,674.899,0.473767218
,,,,,,,,,674.919,0.473767218
,,,,,,,,,674.939,0.473767218
,,,,,,,,,674.944,0.473767218
,,,,,,,,,674.954,0.473767218
,,,,,,,,,674.995,0.473767218
,,,,,,,,,675.03,0.473767218
,,,,,,,,,675.091,0.473767218
,,,,,,,,,675.098,0.473767218
,,,,,,,,,675.109,0.494142124
,,,,,,,,,675.126,0.473767218
,,,,,,,,,675.179,0.473767218
,,,,,,,,,675.203,0.473767218
,,,,,,,,,675.212,0.473767218
,,,,,,,,,675.235,0.473767218
,,,,,,,,,675.237,0.473767218
,,,,,,,,,675.278,0.473767218
,,,,,,,,,675.282,0.427272727
,,,,,,,,,675.292,0.473767218
,,,,,,,,,675.423,0.473767218
,,,,,,,,,675.442,0.473767218
,,,,,,,,,675.47,0.473767218
,,,,,,,,,675.522,0.473767218
,,,,,,,,,675.606,0.947534436
,,,,,,,,,675.619,0.473767218
,,,,,,,,,675.681,0.473767218
,,,,,,,,,675.698,0.473767218
,,,,,,,,,675.703,0.473767218
,,,,,,,,,675.706,0.473767218
,,,,,,,,,675.708,0.473767218
,,,,,,,,,675.719,0.473767218
,,,,,,,,,675.919,0.473767218
,,,,,,,,,675.95,0.473767218
,,,,,,,,,676.067,0.473767218
,,,,,,,,,676.08,0.473767218
,,,,,,,,,676.084,0.473767218
,,,,,,,,,676.125,0.473767218
,,,,,,,,,676.159,0.473767218
,,,,,,,,,676.199,0.947534436
,,,,,,,,,676.233,0.473767218
,,,,,,,,,676.239,0.473767218
,,,,,,,,,676.273,0.473767218
,,,,,,,,,676.3,0.473767218
,,,,,,,,,676.329,0.473767218
,,,,,,,,,676.405,0.473767218
,,,,,,,,,676.41,0.473767218
,,,,,,,,,676.417,0.473767218
,,,,,,,,,676.454,0.473767218
,,,,,,,,,676.51,0.473767218
,,,,,,,,,676.558,0.473767218
,,,,,,,,,676.599,0.473767218
,,,,,,,,,676.632,0.473767218
,,,,,,,,,676.759,0.473767218
,,,,,,,,,676.779,0.473767218
,,,,,,,,,676.848,0.473767218
,,,,,,,,,676.88,0.473767218
,,,,,,,,,676.884,0.473767218
,,,,,,,,,676.901,0.997451351
,,,,,,,,,676.97,0.473767218
,,,,,,,,,676.978,0.473767218
,,,,,,,,,677.028,0.750062423
,,,,,,,,,677.032,0.473767218
,,,,,,,,,677.138,0.473767218
,,,,,,,,,677.139,0.947534436
,,,,,,,,,677.155,0.995108108
,,,,,,,,,677.247,0.473767218
,,,,,,,,,677.253,0.473767218
,,,,,,,,,677.38,0.473767218
,,,,,,,,,677.404,0.473767218
,,,,,,,,,677.487,0.473767218
,,,,,,,,,677.496,0.473767218
,,,,,,,,,677.516,0.473767218
,,,,,,,,,677.527,0.473767218
,,,,,,,,,677.64,0.473767218
,,,,,,,,,677.675,0.473767218
,,,,,,,,,677.68,0.473767218
,,,,,,,,,677.705,0.473767218
,,,,,,,,,677.728,0.769230769
,,,,,,,,,677.743,0.473767218
,,,,,,,,,677.805,0.473767218
,,,,,,,,,677.969,0.473767218
,,,,,,,,,677.991,0.473767218
,,,,,,,,,678.011,0.473767218
,,,,,,,,,678.03,0.473767218
,,,,,,,,,678.051,0.473767218
,,,,,,,,,678.079,0.473767218
,,,,,,,,,678.281,0.473767218
,,,,,,,,,678.313,0.473767218
,,,,,,,,,678.315,0.473767218
,,,,,,,,,678.377,4.737672182
,,,,,,,,,678.389,0.473767218
,,,,,,,,,678.417,0.473767218
,,,,,,,,,678.426,0.473767218
,,,,,,,,,678.452,0.473767218
,,,,,,,,,678.507,0.473767218
,,,,,,,,,678.582,0.473767218
,,,,,,,,,678.618,0.473767218
,,,,,,,,,678.642,0.473767218
,,,,,,,,,678.651,0.473767218
,,,,,,,,,678.659,0.473767218
,,,,,,,,,678.738,0.473767218
,,,,,,,,,678.773,0.473767218
,,,,,,,,,678.788,0.473767218
,,,,,,,,,678.79,0.473767218
,,,,,,,,,678.816,0.962276239
,,,,,,,,,678.833,0.473767218
,,,,,,,,,678.839,0.473767218
,,,,,,,,,678.846,0.473767218
,,,,,,,,,678.859,0.473767218
,,,,,,,,,678.912,0.473767218
,,,,,,,,,678.914,0.473767218
,,,,,,,,,678.921,0.473767218
,,,,,,,,,678.922,0.473767218
,,,,,,,,,678.948,0.473767218
,,,,,,,,,678.979,0.473767218
,,,,,,,,,679.014,0.473767218
,,,,,,,,,679.162,0.473767218
,,,,,,,,,679.179,0.473767218
,,,,,,,,,679.206,0.473767218
,,,,,,,,,679.23,0.473767218
,,,,,,,,,679.251,0.947534436
,,,,,,,,,679.319,0.473767218
,,,,,,,,,679.341,0.911484003
,,,,,,,,,679.438,0.473767218
,,,,,,,,,679.499,0.473767218
,,,,,,,,,679.53,0.473767218
,,,,,,,,,679.683,0.473767218
,,,,,,,,,679.701,0.473767218
,,,,,,,,,679.74,0.875
,,,,,,,,,679.752,0.473767218
,,,,,,,,,679.763,0.473767218
,,,,,,,,,679.779,0.473767218
,,,,,,,,,679.805,0.473767218
,,,,,,,,,679.827,0.473767218
,,,,,,,,,679.916,0.473767218
,,,,,,,,,679.939,0.473767218
,,,,,,,,,679.961,0.473767218
,,,,,,,,,679.966,0.473767218
,,,,,,,,,679.979,0.473767218
,,,,,,,,,679.996,0.473767218
,,,,,,,,,680.014,0.447678459
,,,,,,,,,680.05,0.473767218
,,,,,,,,,680.08,0.473767218
,,,,,,,,,680.083,0.473767218
,,,,,,,,,680.125,0.473767218
,,,,,,,,,680.132,0.473767218
,,,,,,,,,680.134,0.473767218
,,,,,,,,,680.155,0.473767218
,,,,,,,,,680.168,0.473767218
,,,,,,,,,680.295,0.473767218
,,,,,,,,,680.351,0.692378612
,,,,,,,,,680.372,0.473767218
,,,,,,,,,680.375,0.473767218
,,,,,,,,,680.379,0.473767218
,,,,,,,,,680.396,0.473767218
,,,,,,,,,680.399,0.473767218
,,,,,,,,,680.435,0.473767218
,,,,,,,,,680.499,0.24824202
,,,,,,,,,680.509,0.473767218
,,,,,,,,,680.577,0.788416154
,,,,,,,,,680.579,0.473767218
,,,,,,,,,680.616,0.473767218
,,,,,,,,,680.634,0.473767218
,,,,,,,,,680.652,0.473767218
,,,,,,,,,680.659,0.473767218
,,,,,,,,,680.668,0.473767218
,,,,,,,,,680.676,0.473767218
,,,,,,,,,680.677,0.947534436
,,,,,,,,,680.701,0.473767218
,,,,,,,,,680.702,0.473767218
,,,,,,,,,680.731,0.473767218
,,,,,,,,,680.753,0.473767218
,,,,,,,,,680.759,0.733747587
,,,,,,,,,680.775,0.473767218
,,,,,,,,,680.82,0.473767218
,,,,,,,,,680.824,0.473767218
,,,,,,,,,680.951,0.473767218
,,,,,,,,,680.967,0.473767218
,,,,,,,,,680.981,0.473767218
,,,,,,,,,681.03,0.473767218
,,,,,,,,,681.074,0.473767218
,,,,,,,,,681.097,0.473767218
,,,,,,,,,681.111,0.473767218
,,,,,,,,,681.117,0.473767218
,,,,,,,,,681.167,0.693488244
,,,,,,,,,681.203,0.473767218
,,,,,,,,,681.234,0.473767218
,,,,,,,,,681.28,0.473767218
,,,,,,,,,681.305,0.473767218
,,,,,,,,,681.332,0.473767218
,,,,,,,,,681.383,0.473767218
,,,,,,,,,681.399,0.473767218
,,,,,,,,,681.454,0.473767218
,,,,,,,,,681.459,0.473767218
,,,,,,,,,681.578,0.473767218
,,,,,,,,,681.584,0.473767218
,,,,,,,,,681.605,0.473767218
,,,,,,,,,681.619,0.473767218
,,,,,,,,,681.637,0.473767218
,,,,,,,,,681.64,0.473767218
,,,,,,,,,681.739,0.473767218
,,,,,,,,,681.746,0.473767218
,,,,,,,,,681.799,0.733747587
,,,,,,,,,681.809,0.473767218
,,,,,,,,,681.843,0.473767218
,,,,,,,,,681.882,0.473767218
,,,,,,,,,681.899,0.473767218
,,,,,,,,,681.98,0.473767218
,,,,,,,,,681.998,0.473767218
,,,,,,,,,682.019,0.473767218
,,,,,,,,,682.023,0.473767218
,,,,,,,,,682.038,0.473767218
,,,,,,,,,682.121,0.473767218
,,,,,,,,,682.132,0.473767218
,,,,,,,,,682.137,0.473767218
,,,,,,,,,682.168,0.473767218
,,,,,,,,,682.176,0.473767218
,,,,,,,,,682.178,0.473767218
,,,,,,,,,682.194,0.473767218
,,,,,,,,,682.236,0.473767218
,,,,,,,,,682.259,0.473767218
,,,,,,,,,682.276,0.473767218
,,,,,,,,,682.359,0.473767218
,,,,,,,,,682.367,0.921975174
,,,,,,,,,682.373,0.473767218
,,,,,,,,,682.479,0.473767218
,,,,,,,,,682.499,0.473767218
,,,,,,,,,682.566,0.473767218
,,,,,,,,,682.582,0.473767218
,,,,,,,,,682.619,0.473767218
,,,,,,,,,682.621,0.473767218
,,,,,,,,,682.631,0.473767218
,,,,,,,,,682.739,0.473767218
,,,,,,,,,682.786,0.947534436
,,,,,,,,,682.834,0.5
,,,,,,,,,682.858,0.473767218
,,,,,,,,,682.859,0.473767218
,,,,,,,,,682.899,0.473767218
,,,,,,,,,682.917,0.473767218
,,,,,,,,,682.928,0.473767218
,,,,,,,,,682.93,0.473767218
,,,,,,,,,682.95,0.473767218
,,,,,,,,,682.976,0.473767218
,,,,,,,,,682.979,0.473767218
,,,,,,,,,682.993,0.473767218
,,,,,,,,,683.012,0.473767218
,,,,,,,,,683.03,0.843695179
,,,,,,,,,683.048,0.473767218
,,,,,,,,,683.082,0.473767218
,,,,,,,,,683.111,0.473767218
,,,,,,,,,683.123,0.772727273
,,,,,,,,,683.129,0.733666603
,,,,,,,,,683.13,0.999858172
,,,,,,,,,683.139,0.473767218
,,,,,,,,,683.224,0.473767218
,,,,,,,,,683.243,0.473767218
,,,,,,,,,683.268,0.473767218
,,,,,,,,,683.298,0.473767218
,,,,,,,,,683.327,0.473767218
,,,,,,,,,683.438,0.947534436
,,,,,,,,,683.465,0.473767218
,,,,,,,,,683.499,0.473767218
,,,,,,,,,683.534,0.310416094
,,,,,,,,,683.613,0.473767218
,,,,,,,,,683.658,0.473767218
,,,,,,,,,683.663,0.473767218
,,,,,,,,,683.691,0.75
,,,,,,,,,683.728,0.473767218
,,,,,,,,,683.767,0.473767218
,,,,,,,,,683.774,0.473767218
,,,,,,,,,683.795,0.473767218
,,,,,,,,,683.799,0.473767218
,,,,,,,,,683.833,0.473767218
,,,,,,,,,683.84,0.740760635
,,,,,,,,,683.857,0.473767218
,,,,,,,,,683.869,0.473767218
,,,,,,,,,683.879,0.473767218
,,,,,,,,,683.894,0.473767218
,,,,,,,,,683.908,0.473767218
,,,,,,,,,683.949,0.473767218
,,,,,,,,,684.02,0.473767218
,,,,,,,,,684.04,0.875
,,,,,,,,,684.044,0.473767218
,,,,,,,,,684.058,0.473767218
,,,,,,,,,684.064,0.473767218
,,,,,,,,,684.102,0.473767218
,,,,,,,,,684.173,0.473767218
,,,,,,,,,684.187,0.473767218
,,,,,,,,,684.188,0.473767218
,,,,,,,,,684.196,0.750062423
,,,,,,,,,684.212,0.473767218
,,,,,,,,,684.222,0.473767218
,,,,,,,,,684.279,0.473767218
,,,,,,,,,684.302,0.473767218
,,,,,,,,,684.333,0.473767218
,,,,,,,,,684.351,0.473767218
,,,,,,,,,684.404,0.473767218
,,,,,,,,,684.421,0.473767218
,,,,,,,,,684.431,0.473767218
,,,,,,,,,684.439,0.089521102
,,,,,,,,,684.472,0.473767218
,,,,,,,,,684.473,0.473767218
,,,,,,,,,684.517,0.473767218
,,,,,,,,,684.579,0.473767218
,,,,,,,,,684.642,0.473767218
,,,,,,,,,684.649,0.473767218
,,,,,,,,,684.726,0.473767218
,,,,,,,,,684.731,0.473767218
,,,,,,,,,684.858,0.473767218
,,,,,,,,,684.985,0.473767218
,,,,,,,,,684.99,0.473767218
,,,,,,,,,685.019,0.473767218
,,,,,,,,,685.089,0.473767218
,,,,,,,,,685.14,0.5
,,,,,,,,,685.147,0.473767218
,,,,,,,,,685.156,0.473767218
,,,,,,,,,685.193,0.473767218
,,,,,,,,,685.2,0.473767218
,,,,,,,,,685.246,0.473767218
,,,,,,,,,685.267,0.5
,,,,,,,,,685.302,0.473767218
,,,,,,,,,685.305,0.473767218
,,,,,,,,,685.339,0.473767218
,,,,,,,,,685.364,0.473767218
,,,,,,,,,685.419,0.473767218
,,,,,,,,,685.421,0.473767218
,,,,,,,,,685.474,0.473767218
,,,,,,,,,685.5,0.473767218
,,,,,,,,,685.519,0.473767218
,,,,,,,,,685.542,0.5
,,,,,,,,,685.564,0.473767218
,,,,,,,,,685.571,0.473767218
,,,,,,,,,685.656,0.947534436
,,,,,,,,,685.667,0.947534436
,,,,,,,,,685.684,0.473767218
,,,,,,,,,685.689,0.473767218
,,,,,,,,,685.706,0.473767218
,,,,,,,,,685.727,0.473767218
,,,,,,,,,685.739,0.473767218
,,,,,,,,,685.786,0.473767218
,,,,,,,,,685.81,0.473767218
,,,,,,,,,685.853,0.473767218
,,,,,,,,,685.874,0.473767218
,,,,,,,,,685.958,0.473767218
,,,,,,,,,686.06,0.473767218
,,,,,,,,,686.068,0.473767218
,,,,,,,,,686.071,0.473767218
,,,,,,,,,686.072,0.473477602
,,,,,,,,,686.168,0.473767218
,,,,,,,,,686.175,0.473767218
,,,,,,,,,686.182,0.473767218
,,,,,,,,,686.259,0.900591104
,,,,,,,,,686.337,0.473767218
,,,,,,,,,686.39,0.748791938
,,,,,,,,,686.425,0.473767218
,,,,,,,,,686.431,0.473767218
,,,,,,,,,686.433,0.473767218
,,,,,,,,,686.476,0.473767218
,,,,,,,,,686.508,0.473767218
,,,,,,,,,686.52,0.473767218
,,,,,,,,,686.66,0.473767218
,,,,,,,,,686.763,0.473767218
,,,,,,,,,686.832,0.473767218
,,,,,,,,,686.848,0.473767218
,,,,,,,,,686.9,1.421301655
,,,,,,,,,686.939,0.863053056
,,,,,,,,,686.946,1.421301655
,,,,,,,,,687.008,4.061011698
,,,,,,,,,688,4.124610111
